Training dataset/Evaluation dataset,Abstract ChatGPT,,,,Abstract Bloomz,,,,Abstract Davinci,,,,Abstract Cohere,,,,Abstract Flant5,,,,"ML Abstract 
 Llama3",,,,Wiki ChatGPT,,,,Wiki Bloomz,,,,Wiki Davinci,,,,Wiki Cohere,,,
,precision,recall,accuracy,f1,precision,recall,accuracy,f1,precision,recall,accuracy,f1,precision,recall,accuracy,f1,precision,recall,accuracy,f1,precision,recall,accuracy,f1,precision,recall,accuracy,f1,precision,recall,accuracy,f1,precision,recall,accuracy,f1,precision,recall,accuracy,f1
"Abstract - ChatGPT 
 (without preprocessing)",0.887,0.977,0.926,0.929,0.468,0.173,0.488,0.253,0.492,0.243,0.496,0.326,0.755,0.730,0.747,0.742,0.650,0.380,0.588,0.479,0.920,0.495,0.726,0.644,0.000,0.000,0.000,0.000,0.056,0.058,0.035,0.057,0.000,0.000,0.000,0.000,0.000,0.000,0.000,0.000
"Abstract - Bloomz 
 (without preprocessing)",0.479,0.330,0.486,0.391,0.802,0.783,0.795,0.793,0.554,0.333,0.533,0.416,0.685,0.265,0.572,0.382,0.442,0.228,0.470,0.301,0.689,0.343,0.594,0.458,0.478,0.917,0.458,0.629,0.494,0.977,0.488,0.656,0.482,0.930,0.465,0.635,0.486,0.944,0.473,0.642
Abstract - Chatgpt,0.882,0.798,0.846,0.838,0.157,0.013,0.471,0.025,0.288,0.077,0.443,0.121,0.759,0.142,0.548,0.239,0.160,0.043,0.408,0.068,0.436,0.148,0.478,0.221,1.000,0.000,0.500,0.000,0.500,0.002,0.500,0.003,1.000,0.000,0.500,0.000,1.000,0.000,0.500,0.000
Abstract - Bloomz,0.219,0.080,0.398,0.117,0.761,0.780,0.768,0.770,0.536,0.335,0.523,0.412,0.360,0.165,0.436,0.226,0.329,0.138,0.428,0.195,0.415,0.342,0.430,0.375,0.358,0.294,0.384,0.323,0.583,0.780,0.611,0.667,0.446,0.418,0.449,0.432,0.443,0.436,0.443,0.439
WiKi - ChatGPT,1.000,0.000,0.500,0.000,1.000,0.000,0.500,0.000,1.000,0.002,0.501,0.003,1.000,0.000,0.500,0.000,1.000,0.095,0.548,0.174,1.000,0.000,0.500,0.000,0.992,0.825,0.909,0.901,0.200,0.003,0.495,0.007,0.990,0.345,0.671,0.512,0.965,0.761,0.866,0.851
WiKi - Bloomz,0.000,0.000,0.497,0.000,0.783,0.030,0.511,0.058,0.600,0.005,0.501,0.010,0.000,0.000,0.497,0.000,0.583,0.012,0.502,0.023,0.000,0.000,0.490,0.000,0.000,0.000,0.450,0.000,0.856,0.922,0.883,0.888,0.012,0.002,0.433,0.003,0.000,0.000,0.447,0.000
"Abstract from 
 ML papers - Llama3",0.242,0.120,0.372,0.160,0.539,0.685,0.550,0.604,0.643,0.622,0.638,0.632,0.472,0.443,0.473,0.457,0.355,0.233,0.405,0.282,0.621,0.743,0.645,0.677,0.000,0.000,0.486,0.000,0.000,0.000,0.491,0.000,0.000,0.000,0.490,0.000,0.000,0.000,0.480,0.000
"Abstract and Wiki - 
 Bloomz",0.500,1.000,0.501,0.667,0.500,0.998,0.499,0.666,0.500,1.000,0.501,0.667,0.500,1.000,0.501,0.667,0.498,0.993,0.497,0.664,0.500,1.000,0.500,0.667,0.490,0.796,0.484,0.607,0.521,0.968,0.538,0.677,0.514,0.848,0.523,0.640,0.452,0.694,0.426,0.548
"Abstract, WiKi and 
 ML - Bloomz",0.500,1.000,0.501,0.667,0.500,0.998,0.499,0.666,0.500,1.000,0.501,0.667,0.500,1.000,0.501,0.667,0.499,0.997,0.498,0.665,0.500,1.000,0.501,0.667,0.540,0.983,0.573,0.697,0.529,0.980,0.554,0.687,0.539,0.945,0.569,0.687,0.519,0.923,0.533,0.664