sentences per paragraph,words per paragraph,) present,- present,: or ; present,? present,' present,sentence length standard deviation,consecutive sentence length difference,number short sentences,number long sentences,contains - although,contains - However,contains - but,contains - because,contains - this,contains - others or researchers,contains numbers,contains two times more capitals,check - et
0.2631578947368421,0.4761904761904762,1.0,1.0,1.0,0.0,0.0,0.14200776730775844,0.14925373134328357,0.0,2.0,1.0,1.0,1.0,1.0,1.0,1.0,1.0,1.0,1.0
0.5789473684210527,0.6302521008403361,1.0,1.0,1.0,0.0,0.0,0.06623898828205746,0.1044776119402985,0.0,2.0,1.0,1.0,1.0,1.0,1.0,1.0,1.0,0.0,1.0
0.3684210526315789,0.6330532212885154,1.0,1.0,0.0,0.0,0.0,0.08275846381950912,0.11940298507462686,0.0,5.0,1.0,1.0,1.0,1.0,1.0,1.0,1.0,1.0,1.0
0.47368421052631576,0.8039215686274509,1.0,1.0,0.0,0.0,0.0,0.13028120966930753,0.208955223880597,0.0,2.0,1.0,1.0,1.0,1.0,1.0,1.0,1.0,0.0,1.0
0.3157894736842105,0.43137254901960786,1.0,1.0,0.0,0.0,1.0,0.08031647567935181,0.07462686567164178,1.0,1.0,1.0,1.0,1.0,1.0,1.0,1.0,1.0,1.0,1.0
0.3157894736842105,0.48179271708683474,1.0,1.0,0.0,0.0,1.0,0.08306526444584054,0.07835820895522388,0.0,3.0,1.0,1.0,1.0,1.0,1.0,1.0,0.0,1.0,1.0
0.3157894736842105,0.40896358543417366,1.0,1.0,0.0,0.0,0.0,0.058686340715928445,0.05223880597014925,0.0,1.0,1.0,1.0,1.0,1.0,1.0,1.0,0.0,1.0,1.0
0.5263157894736843,0.6666666666666666,1.0,1.0,0.0,0.0,0.0,0.07493637790360176,0.13059701492537312,1.0,1.0,1.0,1.0,1.0,1.0,1.0,1.0,1.0,1.0,1.0
0.631578947368421,0.6722689075630252,1.0,1.0,0.0,0.0,0.0,0.07424329876017022,0.10820895522388059,1.0,1.0,1.0,1.0,1.0,1.0,1.0,1.0,1.0,1.0,1.0
0.2631578947368421,0.6582633053221288,1.0,1.0,0.0,0.0,1.0,0.09268031468729615,0.08208955223880597,0.0,5.0,1.0,1.0,1.0,1.0,1.0,1.0,1.0,1.0,1.0
0.47368421052631576,0.6162464985994397,1.0,1.0,0.0,0.0,0.0,0.05809651327656007,0.0708955223880597,0.0,0.0,1.0,1.0,1.0,1.0,1.0,1.0,0.0,0.0,1.0
0.42105263157894735,0.5126050420168067,1.0,1.0,0.0,0.0,1.0,0.053327365766001,0.07835820895522388,0.0,1.0,1.0,1.0,1.0,1.0,1.0,1.0,0.0,1.0,1.0
0.3684210526315789,0.4369747899159664,1.0,1.0,1.0,0.0,0.0,0.06642225338629124,0.07462686567164178,1.0,1.0,1.0,1.0,1.0,1.0,1.0,1.0,1.0,1.0,1.0
0.15789473684210525,0.4061624649859944,1.0,1.0,1.0,0.0,0.0,0.11251532120964845,0.08208955223880597,0.0,3.0,1.0,1.0,1.0,1.0,1.0,1.0,0.0,0.0,1.0
0.15789473684210525,0.25490196078431376,1.0,0.0,0.0,0.0,0.0,0.06325416652230058,0.04477611940298507,0.0,1.0,1.0,1.0,1.0,1.0,1.0,1.0,1.0,0.0,0.0
0.6842105263157894,0.7927170868347339,1.0,1.0,1.0,0.0,1.0,0.08566640641571971,0.08582089552238806,1.0,3.0,1.0,1.0,1.0,1.0,1.0,1.0,1.0,1.0,1.0
0.3684210526315789,0.5938375350140056,1.0,1.0,1.0,0.0,0.0,0.1484306886682307,0.15671641791044777,0.0,2.0,1.0,1.0,1.0,1.0,1.0,1.0,1.0,0.0,1.0
0.15789473684210525,0.484593837535014,0.0,1.0,0.0,0.0,1.0,0.012679040325664012,0.011194029850746268,0.0,4.0,1.0,1.0,1.0,1.0,1.0,1.0,0.0,0.0,1.0
0.42105263157894735,0.48179271708683474,1.0,1.0,0.0,0.0,1.0,0.06293261601884943,0.06716417910447761,1.0,0.0,1.0,1.0,1.0,1.0,1.0,1.0,1.0,1.0,1.0
0.3157894736842105,0.5014005602240896,1.0,1.0,1.0,0.0,0.0,0.09666256953172582,0.09328358208955223,0.0,2.0,1.0,1.0,1.0,1.0,1.0,1.0,1.0,1.0,1.0
0.5263157894736843,0.6666666666666666,1.0,1.0,0.0,0.0,1.0,0.07301266725319237,0.10074626865671642,0.0,3.0,1.0,1.0,1.0,1.0,1.0,1.0,1.0,1.0,1.0
0.5263157894736843,0.5462184873949579,1.0,1.0,1.0,0.0,0.0,0.06308591219777468,0.0708955223880597,0.0,1.0,1.0,1.0,1.0,1.0,1.0,1.0,1.0,1.0,1.0
0.47368421052631576,0.7647058823529411,1.0,1.0,0.0,0.0,1.0,0.09090084965500846,0.09328358208955223,0.0,5.0,1.0,1.0,1.0,1.0,1.0,1.0,1.0,1.0,1.0
0.21052631578947367,0.5014005602240896,1.0,1.0,0.0,0.0,0.0,0.06875319301333657,0.07835820895522388,0.0,3.0,1.0,1.0,1.0,1.0,1.0,1.0,1.0,1.0,1.0
0.2631578947368421,0.380952380952381,1.0,1.0,0.0,0.0,0.0,0.06414215171922658,0.06343283582089553,0.0,1.0,1.0,1.0,1.0,1.0,1.0,1.0,1.0,1.0,1.0
0.42105263157894735,0.5602240896358543,1.0,1.0,1.0,0.0,0.0,0.05950333380289811,0.048507462686567165,0.0,1.0,1.0,1.0,1.0,1.0,1.0,1.0,1.0,1.0,1.0
0.3157894736842105,0.49579831932773116,1.0,1.0,0.0,0.0,0.0,0.07552600397485806,0.05970149253731343,0.0,3.0,1.0,1.0,1.0,1.0,1.0,1.0,1.0,0.0,1.0
0.42105263157894735,0.4985994397759104,1.0,1.0,0.0,0.0,0.0,0.06461996841667414,0.055970149253731345,0.0,0.0,1.0,1.0,1.0,1.0,1.0,1.0,1.0,1.0,1.0
0.47368421052631576,0.4929971988795518,0.0,1.0,0.0,0.0,0.0,0.0670059258253594,0.06343283582089553,0.0,0.0,1.0,1.0,1.0,1.0,1.0,1.0,0.0,0.0,1.0
0.3684210526315789,0.4593837535014006,1.0,1.0,0.0,0.0,0.0,0.08661433465113032,0.1044776119402985,1.0,1.0,1.0,1.0,1.0,1.0,1.0,1.0,1.0,1.0,1.0
0.42105263157894735,0.6134453781512604,1.0,1.0,0.0,0.0,1.0,0.09040631395489564,0.09701492537313433,0.0,3.0,1.0,1.0,1.0,1.0,1.0,1.0,0.0,1.0,1.0
0.2631578947368421,0.40896358543417366,1.0,1.0,0.0,0.0,1.0,0.05081389922585198,0.055970149253731345,0.0,1.0,1.0,1.0,1.0,1.0,1.0,1.0,1.0,0.0,1.0
0.6842105263157894,0.7450980392156863,0.0,1.0,1.0,0.0,0.0,0.06584071502731977,0.09701492537313433,1.0,0.0,1.0,1.0,1.0,1.0,1.0,1.0,1.0,1.0,1.0
0.2631578947368421,0.47338935574229696,1.0,1.0,0.0,0.0,0.0,0.03641095793398694,0.029850746268656716,0.0,2.0,1.0,1.0,1.0,1.0,1.0,1.0,1.0,1.0,0.0
0.3684210526315789,0.5434173669467787,1.0,1.0,0.0,0.0,0.0,0.0765351026764156,0.11940298507462686,0.0,1.0,1.0,1.0,1.0,1.0,1.0,1.0,1.0,1.0,1.0
0.2631578947368421,0.39215686274509803,1.0,1.0,1.0,0.0,0.0,0.14532324780469139,0.11567164179104478,1.0,2.0,1.0,1.0,1.0,1.0,1.0,1.0,1.0,1.0,1.0
0.2631578947368421,0.42296918767507,0.0,1.0,0.0,0.0,0.0,0.054068615260710114,0.05223880597014925,0.0,1.0,1.0,1.0,1.0,1.0,1.0,1.0,0.0,1.0,1.0
0.2631578947368421,0.453781512605042,1.0,1.0,0.0,0.0,0.0,0.08857420863990405,0.07462686567164178,0.0,3.0,1.0,1.0,1.0,1.0,1.0,1.0,1.0,1.0,1.0
0.5789473684210527,0.6526610644257703,1.0,1.0,0.0,0.0,1.0,0.10393290514659104,0.1455223880597015,2.0,2.0,1.0,1.0,1.0,1.0,1.0,1.0,1.0,1.0,1.0
0.5263157894736843,0.6526610644257703,0.0,1.0,1.0,0.0,1.0,0.08069577884983008,0.12686567164179105,0.0,1.0,1.0,1.0,1.0,1.0,1.0,1.0,0.0,0.0,1.0
0.3157894736842105,0.5014005602240896,1.0,1.0,0.0,0.0,1.0,0.040085553186719386,0.048507462686567165,0.0,1.0,1.0,1.0,1.0,1.0,1.0,1.0,0.0,1.0,1.0
0.42105263157894735,0.6610644257703081,0.0,1.0,0.0,0.0,0.0,0.1089782089703727,0.11567164179104478,0.0,4.0,1.0,1.0,1.0,1.0,1.0,1.0,1.0,1.0,1.0
0.0,0.5854341736694677,1.0,1.0,1.0,0.0,0.0,0.0,0.0,0.0,1.0,1.0,1.0,1.0,1.0,1.0,1.0,1.0,1.0,1.0
0.2631578947368421,0.42016806722689076,1.0,1.0,1.0,0.0,0.0,0.11586324111917586,0.07462686567164178,0.0,2.0,1.0,1.0,1.0,1.0,1.0,1.0,0.0,1.0,1.0
0.2631578947368421,0.6330532212885154,1.0,1.0,0.0,0.0,0.0,0.15974000571320635,0.22014925373134328,0.0,4.0,1.0,1.0,1.0,1.0,1.0,1.0,0.0,1.0,1.0
0.47368421052631576,0.6526610644257703,1.0,1.0,1.0,0.0,0.0,0.09867954079362794,0.08582089552238806,0.0,4.0,1.0,1.0,1.0,1.0,1.0,1.0,1.0,1.0,1.0
0.2631578947368421,0.4369747899159664,1.0,1.0,0.0,0.0,0.0,0.12295207187704216,0.16044776119402984,0.0,2.0,1.0,1.0,1.0,1.0,1.0,1.0,1.0,1.0,1.0
0.3157894736842105,0.45658263305322133,1.0,1.0,1.0,0.0,0.0,0.22032002978499865,0.30223880597014924,0.0,2.0,1.0,1.0,1.0,1.0,1.0,1.0,1.0,1.0,1.0
0.5789473684210527,0.7170868347338936,1.0,1.0,1.0,0.0,1.0,0.05850688153671891,0.06716417910447761,0.0,1.0,1.0,1.0,1.0,1.0,1.0,1.0,1.0,1.0,1.0
0.15789473684210525,0.380952380952381,1.0,1.0,1.0,0.0,0.0,0.21963791926541867,0.25,0.0,3.0,1.0,1.0,1.0,1.0,1.0,1.0,1.0,1.0,1.0
0.3157894736842105,0.42016806722689076,1.0,1.0,0.0,0.0,1.0,0.08950378708756332,0.08208955223880597,0.0,1.0,1.0,1.0,1.0,1.0,1.0,1.0,0.0,1.0,1.0
0.5789473684210527,0.5434173669467787,1.0,1.0,1.0,0.0,0.0,0.07083247360957745,0.10074626865671642,1.0,1.0,1.0,1.0,1.0,1.0,1.0,1.0,1.0,0.0,1.0
0.5263157894736843,0.7366946778711484,1.0,1.0,1.0,0.0,1.0,0.11675029100077475,0.14925373134328357,0.0,3.0,1.0,1.0,1.0,1.0,1.0,1.0,1.0,1.0,1.0
0.10526315789473684,0.1512605042016807,1.0,1.0,0.0,0.0,0.0,0.0905135748946848,0.09701492537313433,0.0,1.0,1.0,1.0,1.0,1.0,1.0,1.0,1.0,1.0,0.0
0.3157894736842105,0.44257703081232497,1.0,1.0,1.0,0.0,0.0,0.1461756984526767,0.208955223880597,2.0,1.0,1.0,1.0,1.0,1.0,1.0,1.0,1.0,0.0,1.0
0.5263157894736843,0.5266106442577031,0.0,1.0,0.0,0.0,0.0,0.048938585447106386,0.06343283582089553,1.0,0.0,1.0,1.0,1.0,1.0,1.0,1.0,0.0,0.0,1.0
0.2631578947368421,0.4369747899159664,1.0,1.0,0.0,0.0,0.0,0.0880348022006543,0.06716417910447761,0.0,2.0,1.0,1.0,1.0,1.0,1.0,1.0,1.0,1.0,1.0
0.42105263157894735,0.6246498599439776,1.0,1.0,1.0,0.0,0.0,0.04427154128512445,0.05223880597014925,0.0,2.0,1.0,1.0,1.0,1.0,1.0,1.0,0.0,1.0,1.0
0.5263157894736843,0.5042016806722689,0.0,0.0,0.0,0.0,1.0,0.06935449946894799,0.10074626865671642,0.0,1.0,1.0,1.0,1.0,1.0,1.0,1.0,0.0,0.0,1.0
0.3157894736842105,0.40896358543417366,1.0,1.0,0.0,0.0,0.0,0.04426869488133552,0.05223880597014925,0.0,1.0,1.0,1.0,1.0,1.0,1.0,1.0,1.0,0.0,1.0
0.3684210526315789,0.5602240896358543,1.0,1.0,1.0,0.0,1.0,0.07553671214477022,0.09328358208955223,0.0,3.0,1.0,1.0,1.0,1.0,1.0,1.0,1.0,1.0,1.0
0.2631578947368421,0.4761904761904762,0.0,1.0,1.0,0.0,1.0,0.08172151475984092,0.06343283582089553,0.0,2.0,1.0,1.0,1.0,1.0,1.0,1.0,1.0,1.0,1.0
0.21052631578947367,0.4061624649859944,1.0,1.0,0.0,0.0,0.0,0.08184721821443598,0.08582089552238806,0.0,2.0,1.0,1.0,1.0,1.0,1.0,1.0,1.0,1.0,1.0
0.21052631578947367,0.4369747899159664,1.0,0.0,0.0,0.0,1.0,0.12174226456648607,0.1417910447761194,0.0,2.0,1.0,1.0,1.0,1.0,1.0,1.0,1.0,1.0,1.0
0.3684210526315789,0.45658263305322133,0.0,0.0,1.0,0.0,0.0,0.04771047605371914,0.0708955223880597,0.0,0.0,1.0,1.0,1.0,1.0,1.0,1.0,0.0,0.0,1.0
0.47368421052631576,0.49579831932773116,1.0,1.0,0.0,0.0,1.0,0.10794655589016033,0.12686567164179105,3.0,2.0,1.0,1.0,1.0,1.0,1.0,1.0,1.0,1.0,1.0
0.3684210526315789,0.6666666666666666,1.0,1.0,1.0,0.0,0.0,0.12916313172949867,0.16044776119402984,0.0,4.0,1.0,1.0,1.0,1.0,1.0,1.0,1.0,1.0,1.0
0.5263157894736843,0.7563025210084033,1.0,1.0,0.0,0.0,1.0,0.11069612498177574,0.16791044776119401,2.0,4.0,1.0,1.0,1.0,1.0,1.0,1.0,1.0,1.0,1.0
0.15789473684210525,0.2072829131652661,1.0,1.0,0.0,0.0,0.0,0.06931724100344736,0.08208955223880597,0.0,1.0,1.0,1.0,1.0,1.0,1.0,1.0,1.0,1.0,0.0
0.3684210526315789,0.46218487394957986,1.0,1.0,0.0,0.0,1.0,0.07547757202049934,0.10074626865671642,0.0,2.0,1.0,1.0,1.0,1.0,1.0,1.0,1.0,1.0,1.0
0.42105263157894735,0.6050420168067226,1.0,1.0,1.0,0.0,0.0,0.07352109944595951,0.11194029850746269,0.0,2.0,1.0,1.0,1.0,1.0,1.0,1.0,0.0,1.0,1.0
0.3157894736842105,0.43137254901960786,0.0,1.0,0.0,0.0,0.0,0.05950061097434278,0.08955223880597014,1.0,0.0,1.0,1.0,1.0,1.0,1.0,1.0,0.0,1.0,1.0
0.3684210526315789,0.5210084033613445,1.0,1.0,0.0,0.0,0.0,0.09673972982346263,0.07835820895522388,0.0,2.0,1.0,1.0,1.0,1.0,1.0,1.0,1.0,0.0,1.0
0.3684210526315789,0.45658263305322133,1.0,1.0,1.0,0.0,0.0,0.03485134832945231,0.03731343283582089,0.0,0.0,1.0,1.0,1.0,1.0,1.0,1.0,1.0,0.0,1.0
0.47368421052631576,0.5518207282913165,1.0,1.0,0.0,0.0,0.0,0.05517608616112955,0.08582089552238806,1.0,0.0,1.0,1.0,1.0,1.0,1.0,1.0,1.0,1.0,1.0
0.3684210526315789,0.46218487394957986,1.0,1.0,1.0,0.0,1.0,0.04874060873202514,0.055970149253731345,0.0,0.0,1.0,1.0,1.0,1.0,1.0,1.0,1.0,1.0,1.0
0.3157894736842105,0.5238095238095237,1.0,1.0,1.0,0.0,1.0,0.10717785777018772,0.13432835820895522,0.0,2.0,1.0,1.0,1.0,1.0,1.0,1.0,1.0,1.0,1.0
0.5789473684210527,0.7619047619047619,0.0,1.0,0.0,0.0,1.0,0.09386127432367482,0.07462686567164178,1.0,2.0,1.0,1.0,1.0,1.0,1.0,1.0,1.0,1.0,1.0
0.2631578947368421,0.38935574229691877,0.0,1.0,1.0,0.0,0.0,0.1151415588599775,0.14925373134328357,0.0,1.0,1.0,1.0,1.0,1.0,1.0,1.0,1.0,1.0,1.0
0.15789473684210525,0.31652661064425774,1.0,1.0,1.0,0.0,1.0,0.2765594226379978,0.2798507462686567,0.0,2.0,1.0,1.0,1.0,1.0,1.0,1.0,1.0,1.0,1.0
0.2631578947368421,0.46218487394957986,1.0,1.0,0.0,0.0,0.0,0.09890614677030661,0.12313432835820895,0.0,3.0,1.0,1.0,1.0,1.0,1.0,1.0,1.0,1.0,1.0
0.42105263157894735,0.649859943977591,1.0,1.0,0.0,0.0,0.0,0.15978348505842652,0.2126865671641791,0.0,2.0,1.0,1.0,1.0,1.0,1.0,1.0,1.0,1.0,1.0
0.3684210526315789,0.5630252100840336,1.0,1.0,0.0,0.0,0.0,0.0779801066297987,0.1044776119402985,0.0,2.0,1.0,1.0,1.0,1.0,1.0,1.0,1.0,1.0,1.0
0.15789473684210525,0.4173669467787115,0.0,1.0,0.0,0.0,0.0,0.10980371017632357,0.11194029850746269,0.0,4.0,1.0,1.0,1.0,1.0,1.0,1.0,1.0,1.0,1.0
0.5263157894736843,0.5546218487394957,1.0,1.0,0.0,0.0,0.0,0.06108871333909991,0.055970149253731345,0.0,1.0,1.0,1.0,1.0,1.0,1.0,1.0,1.0,1.0,1.0
0.3684210526315789,0.5546218487394957,1.0,1.0,1.0,0.0,1.0,0.09263680704241758,0.13432835820895522,0.0,2.0,1.0,1.0,1.0,1.0,1.0,1.0,1.0,0.0,1.0
0.631578947368421,0.6974789915966386,1.0,1.0,1.0,0.0,0.0,0.09347166618040781,0.1455223880597015,1.0,1.0,1.0,1.0,1.0,1.0,1.0,1.0,1.0,1.0,1.0
0.47368421052631576,0.7114845938375349,1.0,1.0,1.0,0.0,1.0,0.26060628875879943,0.39925373134328357,3.0,2.0,1.0,1.0,1.0,1.0,1.0,1.0,1.0,0.0,1.0
0.21052631578947367,0.42577030812324934,0.0,1.0,1.0,0.0,0.0,0.1587126864574254,0.17164179104477612,0.0,1.0,1.0,1.0,1.0,1.0,1.0,1.0,0.0,0.0,1.0
0.2631578947368421,0.4649859943977591,1.0,1.0,0.0,0.0,0.0,0.07890438388123626,0.055970149253731345,0.0,1.0,1.0,1.0,1.0,1.0,1.0,1.0,1.0,1.0,1.0
0.2631578947368421,0.4369747899159664,1.0,1.0,0.0,0.0,1.0,0.050105931048902236,0.055970149253731345,0.0,2.0,1.0,1.0,1.0,1.0,1.0,1.0,0.0,0.0,1.0
0.2631578947368421,0.26330532212885155,1.0,1.0,0.0,0.0,0.0,0.0801397770984307,0.05223880597014925,1.0,0.0,1.0,1.0,1.0,1.0,1.0,1.0,1.0,1.0,0.0
0.3157894736842105,0.4285714285714286,1.0,1.0,0.0,0.0,1.0,0.09985311837650662,0.1044776119402985,0.0,2.0,1.0,1.0,1.0,1.0,1.0,1.0,1.0,1.0,1.0
0.5789473684210527,0.5182072829131652,1.0,1.0,0.0,0.0,0.0,0.055731540098566616,0.07462686567164178,0.0,1.0,1.0,1.0,1.0,1.0,1.0,1.0,1.0,1.0,1.0
0.21052631578947367,0.4593837535014006,1.0,1.0,0.0,0.0,0.0,0.05919300047942638,0.041044776119402986,0.0,3.0,1.0,1.0,1.0,1.0,1.0,1.0,0.0,1.0,1.0
0.3684210526315789,0.7338935574229691,1.0,1.0,0.0,0.0,0.0,0.11627735365206456,0.1828358208955224,1.0,4.0,1.0,1.0,1.0,1.0,1.0,1.0,0.0,1.0,1.0
0.3157894736842105,0.6330532212885154,1.0,1.0,0.0,0.0,1.0,0.24560055644440779,0.23880597014925373,1.0,3.0,1.0,1.0,1.0,1.0,1.0,1.0,1.0,1.0,1.0
0.5789473684210527,0.6778711484593837,1.0,1.0,0.0,0.0,0.0,0.05295128839085632,0.05970149253731343,1.0,1.0,1.0,1.0,1.0,1.0,1.0,1.0,1.0,0.0,1.0
0.2631578947368421,0.45658263305322133,1.0,1.0,0.0,0.0,0.0,0.07544551843016511,0.06343283582089553,0.0,2.0,1.0,1.0,1.0,1.0,1.0,1.0,1.0,1.0,1.0
0.5789473684210527,0.6554621848739496,1.0,1.0,0.0,0.0,0.0,0.08070736382858679,0.10074626865671642,1.0,2.0,1.0,1.0,1.0,1.0,1.0,1.0,1.0,1.0,1.0
0.3684210526315789,0.4285714285714286,1.0,1.0,1.0,0.0,0.0,0.1096765489174778,0.15671641791044777,0.0,2.0,1.0,1.0,1.0,1.0,1.0,1.0,1.0,1.0,0.0
0.21052631578947367,0.39495798319327735,0.0,0.0,1.0,0.0,0.0,0.05409723872283311,0.06343283582089553,0.0,2.0,1.0,1.0,1.0,1.0,1.0,1.0,1.0,1.0,1.0
0.2631578947368421,0.4341736694677871,1.0,1.0,0.0,0.0,0.0,0.10009296326760513,0.11567164179104478,0.0,2.0,1.0,1.0,1.0,1.0,1.0,1.0,0.0,0.0,1.0
0.3684210526315789,0.453781512605042,1.0,1.0,0.0,0.0,1.0,0.08933001542612276,0.08208955223880597,0.0,1.0,1.0,1.0,1.0,1.0,1.0,1.0,0.0,0.0,1.0
0.47368421052631576,0.6750700280112044,0.0,1.0,1.0,0.0,0.0,0.07395986102886581,0.08955223880597014,0.0,3.0,1.0,1.0,1.0,1.0,1.0,1.0,1.0,1.0,1.0
0.2631578947368421,0.43137254901960786,0.0,1.0,0.0,0.0,0.0,0.06024912255777038,0.05970149253731343,0.0,1.0,1.0,1.0,1.0,1.0,1.0,1.0,1.0,1.0,1.0
0.2631578947368421,0.46218487394957986,0.0,1.0,0.0,0.0,0.0,0.1032936213897829,0.09701492537313433,0.0,3.0,1.0,1.0,1.0,1.0,1.0,1.0,0.0,0.0,1.0
0.3157894736842105,0.5350140056022409,1.0,1.0,0.0,0.0,1.0,0.10922619921982742,0.13432835820895522,0.0,3.0,1.0,1.0,1.0,1.0,1.0,1.0,1.0,1.0,1.0
0.3684210526315789,0.39495798319327735,0.0,1.0,0.0,0.0,1.0,0.0725898896817251,0.09701492537313433,0.0,1.0,1.0,1.0,1.0,1.0,1.0,1.0,0.0,0.0,1.0
0.47368421052631576,0.40336134453781514,1.0,1.0,1.0,0.0,0.0,0.14831767736942814,0.16791044776119401,5.0,2.0,1.0,1.0,1.0,1.0,1.0,1.0,1.0,1.0,1.0
0.3684210526315789,0.5378151260504201,1.0,1.0,0.0,0.0,0.0,0.09179543470479307,0.1044776119402985,0.0,1.0,1.0,1.0,1.0,1.0,1.0,1.0,1.0,1.0,1.0
0.2631578947368421,0.6246498599439776,1.0,1.0,0.0,0.0,0.0,0.16910082389713807,0.22388059701492538,0.0,4.0,1.0,1.0,1.0,1.0,1.0,1.0,1.0,1.0,1.0
0.2631578947368421,0.5686274509803921,1.0,1.0,0.0,0.0,1.0,0.08476140734320999,0.048507462686567165,0.0,4.0,1.0,1.0,1.0,1.0,1.0,1.0,1.0,1.0,1.0
0.3684210526315789,0.5182072829131652,1.0,1.0,1.0,0.0,0.0,0.052095188821530254,0.06716417910447761,0.0,1.0,1.0,1.0,1.0,1.0,1.0,1.0,1.0,1.0,1.0
0.5789473684210527,0.7310924369747899,1.0,1.0,0.0,0.0,0.0,0.06743050594220436,0.10074626865671642,1.0,1.0,1.0,1.0,1.0,1.0,1.0,1.0,0.0,1.0,1.0
0.3684210526315789,0.5630252100840336,0.0,1.0,0.0,0.0,0.0,0.07194106300936062,0.08582089552238806,0.0,2.0,1.0,1.0,1.0,1.0,1.0,1.0,0.0,0.0,1.0
0.3157894736842105,0.4173669467787115,0.0,1.0,0.0,0.0,0.0,0.08817432717553204,0.08582089552238806,1.0,2.0,1.0,1.0,1.0,1.0,1.0,1.0,0.0,0.0,1.0
0.631578947368421,0.8067226890756303,1.0,1.0,0.0,0.0,0.0,0.08839470579941552,0.1044776119402985,0.0,4.0,1.0,1.0,1.0,1.0,1.0,1.0,1.0,1.0,1.0
0.3157894736842105,0.6834733893557423,1.0,1.0,1.0,0.0,0.0,0.14499385429758874,0.10074626865671642,0.0,5.0,1.0,1.0,1.0,1.0,1.0,1.0,1.0,0.0,1.0
0.3157894736842105,0.4285714285714286,0.0,1.0,0.0,0.0,0.0,0.10457496207268911,0.08208955223880597,1.0,2.0,1.0,1.0,1.0,1.0,1.0,1.0,0.0,1.0,1.0
0.47368421052631576,0.588235294117647,1.0,1.0,0.0,0.0,1.0,0.0579734012219568,0.07462686567164178,0.0,1.0,1.0,1.0,1.0,1.0,1.0,1.0,1.0,1.0,1.0
0.3157894736842105,0.42296918767507,1.0,1.0,0.0,0.0,0.0,0.0599400962231802,0.06716417910447761,1.0,0.0,1.0,1.0,1.0,1.0,1.0,1.0,0.0,0.0,1.0
0.3157894736842105,0.3753501400560224,1.0,1.0,0.0,0.0,0.0,0.0763325593083733,0.1044776119402985,0.0,1.0,1.0,1.0,1.0,1.0,1.0,1.0,0.0,1.0,1.0
0.3157894736842105,0.5938375350140056,1.0,1.0,1.0,0.0,0.0,0.20826264072439393,0.2537313432835821,0.0,3.0,1.0,1.0,1.0,1.0,1.0,1.0,1.0,1.0,1.0
0.3157894736842105,0.453781512605042,1.0,1.0,0.0,0.0,0.0,0.040519705414789504,0.05223880597014925,0.0,1.0,1.0,1.0,1.0,1.0,1.0,1.0,1.0,0.0,1.0
0.3684210526315789,0.4929971988795518,0.0,0.0,0.0,0.0,1.0,0.04507552887740983,0.055970149253731345,0.0,0.0,1.0,1.0,1.0,1.0,1.0,1.0,1.0,1.0,1.0
0.3684210526315789,0.4285714285714286,1.0,1.0,0.0,0.0,1.0,0.06461612918853205,0.048507462686567165,0.0,1.0,1.0,1.0,1.0,1.0,1.0,1.0,1.0,1.0,1.0
0.2631578947368421,0.4369747899159664,1.0,0.0,0.0,0.0,0.0,0.08779776980097313,0.12313432835820895,0.0,3.0,1.0,1.0,1.0,1.0,1.0,1.0,1.0,0.0,1.0
0.2631578947368421,0.43137254901960786,1.0,1.0,0.0,0.0,0.0,0.12579250212801987,0.15298507462686567,0.0,1.0,1.0,1.0,1.0,1.0,1.0,1.0,1.0,1.0,1.0
0.2631578947368421,0.5770308123249299,1.0,1.0,0.0,0.0,0.0,0.11061408065490713,0.07835820895522388,0.0,3.0,1.0,1.0,1.0,1.0,1.0,1.0,1.0,1.0,1.0
0.21052631578947367,0.40336134453781514,0.0,1.0,0.0,0.0,0.0,0.06128057086242309,0.033582089552238806,0.0,2.0,1.0,1.0,1.0,1.0,1.0,1.0,1.0,1.0,1.0
0.5263157894736843,0.6834733893557423,1.0,1.0,1.0,0.0,0.0,0.09572388418861989,0.15298507462686567,0.0,2.0,1.0,1.0,1.0,1.0,1.0,1.0,1.0,0.0,1.0
0.47368421052631576,0.44537815126050423,1.0,1.0,1.0,0.0,0.0,0.13560186043119185,0.13805970149253732,3.0,2.0,1.0,1.0,1.0,1.0,1.0,1.0,1.0,1.0,1.0
0.5263157894736843,0.8151260504201681,1.0,1.0,0.0,0.0,1.0,0.09766579243618768,0.12313432835820895,0.0,4.0,1.0,1.0,1.0,1.0,1.0,1.0,1.0,1.0,1.0
0.2631578947368421,0.5070028011204482,1.0,1.0,0.0,0.0,1.0,0.17973433759228158,0.2126865671641791,0.0,3.0,1.0,1.0,1.0,1.0,1.0,1.0,0.0,1.0,1.0
0.631578947368421,0.7198879551820728,1.0,1.0,0.0,0.0,0.0,0.05817083686339849,0.055970149253731345,0.0,1.0,1.0,1.0,1.0,1.0,1.0,1.0,1.0,1.0,1.0
0.21052631578947367,0.3865546218487395,1.0,1.0,0.0,0.0,0.0,0.6114657715634205,0.6529850746268656,1.0,1.0,1.0,1.0,1.0,1.0,1.0,1.0,1.0,0.0,1.0
0.3684210526315789,0.5266106442577031,1.0,1.0,0.0,0.0,1.0,0.12846981952010203,0.14925373134328357,1.0,2.0,1.0,1.0,1.0,1.0,1.0,1.0,0.0,0.0,1.0
0.3157894736842105,0.350140056022409,0.0,1.0,1.0,0.0,1.0,0.04667371637599549,0.05223880597014925,0.0,0.0,1.0,1.0,1.0,1.0,1.0,1.0,0.0,0.0,1.0
0.6842105263157894,0.7787114845938375,1.0,1.0,1.0,0.0,0.0,0.06605352847163296,0.08582089552238806,1.0,2.0,1.0,1.0,1.0,1.0,1.0,1.0,1.0,1.0,1.0
0.15789473684210525,0.19327731092436973,1.0,1.0,0.0,0.0,0.0,0.06876748047083156,0.07835820895522388,0.0,1.0,1.0,1.0,1.0,1.0,1.0,1.0,1.0,1.0,1.0
0.05263157894736842,0.6022408963585434,1.0,1.0,1.0,0.0,0.0,0.10565866938053343,0.09328358208955223,0.0,2.0,1.0,1.0,1.0,1.0,1.0,1.0,1.0,1.0,1.0
0.15789473684210525,0.4341736694677871,1.0,1.0,0.0,0.0,1.0,0.220611658234076,0.2462686567164179,0.0,2.0,1.0,1.0,1.0,1.0,1.0,1.0,1.0,1.0,1.0
0.42105263157894735,0.6526610644257703,1.0,1.0,0.0,0.0,1.0,0.10432178214623236,0.10820895522388059,0.0,4.0,1.0,1.0,1.0,1.0,1.0,1.0,1.0,1.0,1.0
0.3684210526315789,0.5658263305322129,1.0,1.0,1.0,0.0,0.0,0.07801588881248747,0.06716417910447761,0.0,2.0,1.0,1.0,1.0,1.0,1.0,1.0,1.0,1.0,1.0
0.3684210526315789,0.46218487394957986,0.0,1.0,0.0,0.0,0.0,0.0476167882341963,0.05970149253731343,0.0,0.0,1.0,1.0,1.0,1.0,1.0,1.0,1.0,0.0,1.0
0.2631578947368421,0.4173669467787115,1.0,1.0,0.0,0.0,0.0,0.08362994738398272,0.08582089552238806,0.0,1.0,1.0,1.0,1.0,1.0,1.0,1.0,1.0,1.0,1.0
0.3157894736842105,0.49579831932773116,0.0,1.0,0.0,0.0,0.0,0.050888372872248865,0.0708955223880597,0.0,2.0,1.0,1.0,1.0,1.0,1.0,1.0,0.0,0.0,1.0
0.47368421052631576,0.5182072829131652,1.0,1.0,0.0,0.0,0.0,0.08871704905410066,0.1417910447761194,1.0,1.0,1.0,1.0,1.0,1.0,1.0,1.0,1.0,1.0,1.0
0.15789473684210525,0.23529411764705882,1.0,1.0,0.0,0.0,0.0,0.09459844364087774,0.11567164179104478,1.0,1.0,1.0,1.0,1.0,1.0,1.0,1.0,1.0,1.0,1.0
0.3157894736842105,0.3781512605042017,0.0,0.0,0.0,0.0,0.0,0.06173761891338367,0.05970149253731343,0.0,0.0,1.0,1.0,1.0,1.0,1.0,1.0,1.0,0.0,1.0
0.3157894736842105,0.48739495798319327,1.0,1.0,0.0,0.0,0.0,0.06085747682244814,0.08208955223880597,0.0,0.0,1.0,1.0,1.0,1.0,1.0,1.0,1.0,0.0,1.0
0.3684210526315789,0.5014005602240896,0.0,1.0,0.0,0.0,0.0,0.06811502282891846,0.07835820895522388,0.0,1.0,1.0,1.0,1.0,1.0,1.0,1.0,1.0,1.0,1.0
0.3684210526315789,0.6078431372549019,1.0,1.0,0.0,0.0,0.0,0.12400835337600191,0.1455223880597015,0.0,3.0,1.0,1.0,1.0,1.0,1.0,1.0,0.0,1.0,1.0
0.47368421052631576,0.6778711484593837,1.0,1.0,1.0,0.0,1.0,0.05604333432450537,0.08582089552238806,0.0,1.0,1.0,1.0,1.0,1.0,1.0,1.0,1.0,1.0,1.0
0.2631578947368421,0.5070028011204482,0.0,1.0,0.0,0.0,0.0,0.11726790171293558,0.13432835820895522,0.0,1.0,1.0,1.0,1.0,1.0,1.0,1.0,1.0,1.0,1.0
0.2631578947368421,0.4061624649859944,1.0,1.0,0.0,0.0,0.0,0.0850419202137395,0.033582089552238806,0.0,2.0,1.0,1.0,1.0,1.0,1.0,1.0,1.0,1.0,1.0
0.15789473684210525,0.39495798319327735,0.0,0.0,0.0,0.0,0.0,0.12501702356627606,0.12686567164179105,0.0,2.0,1.0,1.0,1.0,1.0,1.0,1.0,0.0,0.0,1.0
0.5789473684210527,0.5182072829131652,1.0,1.0,0.0,0.0,0.0,0.08374852102553063,0.10820895522388059,2.0,1.0,1.0,1.0,1.0,1.0,1.0,1.0,1.0,0.0,1.0
0.15789473684210525,0.42016806722689076,1.0,0.0,0.0,0.0,1.0,0.18866508574092486,0.1791044776119403,0.0,2.0,1.0,1.0,1.0,1.0,1.0,1.0,1.0,1.0,1.0
0.3157894736842105,0.49019607843137253,1.0,1.0,0.0,0.0,0.0,0.11908696212281032,0.10074626865671642,0.0,2.0,1.0,1.0,1.0,1.0,1.0,1.0,1.0,1.0,1.0
0.2631578947368421,0.42296918767507,0.0,1.0,0.0,0.0,0.0,0.09937658295179382,0.13059701492537312,0.0,1.0,1.0,1.0,1.0,1.0,1.0,1.0,1.0,1.0,1.0
0.3157894736842105,0.4649859943977591,1.0,1.0,0.0,0.0,1.0,0.11226760634246949,0.11940298507462686,0.0,3.0,1.0,1.0,1.0,1.0,1.0,1.0,1.0,1.0,1.0
0.3684210526315789,0.7422969187675069,1.0,1.0,0.0,0.0,0.0,0.11527452832473346,0.11194029850746269,0.0,4.0,1.0,1.0,1.0,1.0,1.0,1.0,1.0,1.0,1.0
0.3157894736842105,0.48179271708683474,1.0,1.0,0.0,0.0,1.0,0.12210964769613122,0.14925373134328357,0.0,2.0,1.0,1.0,1.0,1.0,1.0,1.0,1.0,1.0,1.0
0.3157894736842105,0.4481792717086835,0.0,1.0,0.0,0.0,0.0,0.0972640847925333,0.10820895522388059,0.0,2.0,1.0,1.0,1.0,1.0,1.0,1.0,1.0,1.0,1.0
0.2631578947368421,0.45658263305322133,1.0,1.0,0.0,0.0,1.0,0.10618331221314685,0.1455223880597015,0.0,2.0,1.0,1.0,1.0,1.0,1.0,1.0,1.0,1.0,1.0
0.631578947368421,0.7871148459383753,1.0,1.0,0.0,0.0,0.0,0.09706615683779968,0.0708955223880597,2.0,3.0,1.0,1.0,1.0,1.0,1.0,1.0,1.0,1.0,1.0
0.3684210526315789,0.6442577030812324,1.0,1.0,0.0,0.0,0.0,0.08964812771915084,0.1044776119402985,0.0,3.0,1.0,1.0,1.0,1.0,1.0,1.0,1.0,1.0,1.0
0.5789473684210527,0.7843137254901961,1.0,1.0,1.0,0.0,0.0,0.08858541134767538,0.12313432835820895,0.0,2.0,1.0,1.0,1.0,1.0,1.0,1.0,1.0,1.0,1.0
0.5789473684210527,0.6358543417366946,0.0,1.0,0.0,0.0,0.0,0.04398357191554225,0.03731343283582089,0.0,0.0,1.0,1.0,1.0,1.0,1.0,1.0,1.0,1.0,1.0
0.3684210526315789,0.6638655462184874,1.0,1.0,0.0,0.0,0.0,0.1512912610748472,0.208955223880597,0.0,2.0,1.0,1.0,1.0,1.0,1.0,1.0,1.0,1.0,1.0
0.42105263157894735,0.49019607843137253,0.0,1.0,1.0,0.0,0.0,0.09188697609742698,0.1044776119402985,1.0,1.0,1.0,1.0,1.0,1.0,1.0,1.0,0.0,0.0,1.0
0.42105263157894735,0.5322128851540616,1.0,1.0,0.0,0.0,0.0,0.07336496526780592,0.08955223880597014,0.0,1.0,1.0,1.0,1.0,1.0,1.0,1.0,1.0,0.0,1.0
0.3684210526315789,0.42296918767507,1.0,1.0,0.0,0.0,1.0,0.08388393414678075,0.10074626865671642,0.0,2.0,1.0,1.0,1.0,1.0,1.0,1.0,0.0,0.0,1.0
0.42105263157894735,0.6414565826330532,1.0,1.0,0.0,0.0,0.0,0.061443295241707996,0.05970149253731343,0.0,2.0,1.0,1.0,1.0,1.0,1.0,1.0,1.0,1.0,1.0
0.5263157894736843,0.7563025210084033,1.0,1.0,0.0,0.0,0.0,0.11381019242438724,0.11194029850746269,0.0,4.0,1.0,1.0,1.0,1.0,1.0,1.0,1.0,1.0,1.0
0.42105263157894735,0.46218487394957986,1.0,1.0,0.0,0.0,0.0,0.07724216074611726,0.12313432835820895,1.0,1.0,1.0,1.0,1.0,1.0,1.0,1.0,1.0,0.0,1.0
0.21052631578947367,0.4061624649859944,1.0,0.0,0.0,0.0,0.0,0.0672825911392209,0.07462686567164178,0.0,3.0,1.0,1.0,1.0,1.0,1.0,1.0,1.0,0.0,1.0
0.5263157894736843,0.6246498599439776,1.0,1.0,0.0,0.0,0.0,0.07233830223616464,0.06716417910447761,1.0,1.0,1.0,1.0,1.0,1.0,1.0,1.0,1.0,0.0,1.0
0.47368421052631576,0.5154061624649859,1.0,1.0,0.0,0.0,0.0,0.0769148668316936,0.08208955223880597,2.0,1.0,1.0,1.0,1.0,1.0,1.0,1.0,0.0,1.0,1.0
0.3684210526315789,0.7675070028011204,1.0,1.0,1.0,0.0,0.0,0.10546831229980841,0.10074626865671642,0.0,5.0,1.0,1.0,1.0,1.0,1.0,1.0,1.0,1.0,1.0
0.3157894736842105,0.4481792717086835,0.0,1.0,0.0,0.0,0.0,0.05048563210326628,0.06343283582089553,0.0,1.0,1.0,1.0,1.0,1.0,1.0,1.0,0.0,0.0,1.0
0.5263157894736843,0.5210084033613445,1.0,1.0,0.0,0.0,1.0,0.04014983477663357,0.06716417910447761,0.0,0.0,1.0,1.0,1.0,1.0,1.0,1.0,1.0,0.0,1.0
0.3684210526315789,0.6358543417366946,1.0,1.0,0.0,0.0,1.0,0.06918021044940563,0.06343283582089553,0.0,3.0,1.0,1.0,1.0,1.0,1.0,1.0,1.0,1.0,1.0
0.3157894736842105,0.46218487394957986,1.0,1.0,0.0,0.0,0.0,0.07498348076058427,0.08208955223880597,0.0,2.0,1.0,1.0,1.0,1.0,1.0,1.0,1.0,1.0,1.0
0.42105263157894735,0.5658263305322129,1.0,1.0,0.0,0.0,0.0,0.07879111490906238,0.1044776119402985,1.0,2.0,1.0,1.0,1.0,1.0,1.0,1.0,1.0,1.0,1.0
0.15789473684210525,0.5322128851540616,0.0,1.0,1.0,0.0,0.0,0.2977100587042213,0.34701492537313433,0.0,3.0,1.0,1.0,1.0,1.0,1.0,1.0,1.0,0.0,1.0
0.47368421052631576,0.5518207282913165,1.0,1.0,0.0,0.0,1.0,0.05166525269179947,0.06343283582089553,0.0,1.0,1.0,1.0,1.0,1.0,1.0,1.0,0.0,1.0,1.0
0.3684210526315789,0.5070028011204482,1.0,1.0,1.0,0.0,0.0,0.06516664928908619,0.07835820895522388,0.0,1.0,1.0,1.0,1.0,1.0,1.0,1.0,1.0,1.0,1.0
0.3157894736842105,0.5658263305322129,1.0,1.0,0.0,0.0,0.0,0.11544368520884396,0.1044776119402985,0.0,4.0,1.0,1.0,1.0,1.0,1.0,1.0,1.0,1.0,1.0
0.5263157894736843,0.6526610644257703,1.0,1.0,0.0,0.0,0.0,0.05923368652268719,0.09328358208955223,0.0,1.0,1.0,1.0,1.0,1.0,1.0,1.0,1.0,1.0,1.0
0.15789473684210525,0.319327731092437,1.0,1.0,0.0,0.0,0.0,0.08115796390377394,0.08955223880597014,0.0,2.0,1.0,1.0,1.0,1.0,1.0,1.0,1.0,1.0,1.0
0.3684210526315789,0.46218487394957986,1.0,1.0,0.0,0.0,1.0,0.09005193616601702,0.11194029850746269,0.0,2.0,1.0,1.0,1.0,1.0,1.0,1.0,1.0,1.0,1.0
0.3157894736842105,0.4061624649859944,0.0,1.0,1.0,0.0,0.0,0.037491740380292134,0.033582089552238806,0.0,0.0,1.0,1.0,1.0,1.0,1.0,1.0,0.0,1.0,1.0
0.42105263157894735,0.6386554621848739,1.0,1.0,0.0,0.0,0.0,0.11739476472112699,0.1828358208955224,0.0,3.0,1.0,1.0,1.0,1.0,1.0,1.0,1.0,1.0,1.0
0.5789473684210527,0.6750700280112044,0.0,1.0,1.0,0.0,0.0,0.09868517206254533,0.10820895522388059,1.0,2.0,1.0,1.0,1.0,1.0,1.0,1.0,1.0,1.0,1.0
0.21052631578947367,0.5490196078431372,1.0,1.0,0.0,0.0,0.0,0.18855380892739645,0.14925373134328357,0.0,3.0,1.0,1.0,1.0,1.0,1.0,1.0,0.0,0.0,1.0
0.42105263157894735,0.6050420168067226,1.0,1.0,0.0,0.0,0.0,0.07110591109226154,0.10820895522388059,0.0,1.0,1.0,1.0,1.0,1.0,1.0,1.0,1.0,1.0,1.0
0.5789473684210527,0.6694677871148459,0.0,1.0,1.0,0.0,0.0,0.041998490420631196,0.06716417910447761,0.0,0.0,1.0,1.0,1.0,1.0,1.0,1.0,1.0,0.0,1.0
0.21052631578947367,0.48739495798319327,1.0,1.0,1.0,0.0,0.0,0.13723592914659213,0.16044776119402984,0.0,2.0,1.0,1.0,1.0,1.0,1.0,1.0,1.0,1.0,1.0
0.3157894736842105,0.5014005602240896,1.0,1.0,0.0,0.0,0.0,0.06152468914697723,0.07462686567164178,0.0,2.0,1.0,1.0,1.0,1.0,1.0,1.0,0.0,1.0,0.0
0.10526315789473684,0.10084033613445378,0.0,1.0,0.0,0.0,0.0,0.07271281930354127,0.04477611940298507,1.0,0.0,1.0,1.0,1.0,1.0,1.0,1.0,1.0,1.0,1.0
0.2631578947368421,0.3445378151260504,1.0,1.0,0.0,0.0,1.0,0.1425030433527588,0.13432835820895522,1.0,1.0,1.0,1.0,1.0,1.0,1.0,1.0,1.0,1.0,1.0
0.3157894736842105,0.42296918767507,0.0,1.0,1.0,0.0,1.0,0.048542010768799784,0.05970149253731343,0.0,1.0,1.0,1.0,1.0,1.0,1.0,1.0,1.0,1.0,1.0
0.3684210526315789,0.7394957983193277,1.0,1.0,0.0,0.0,1.0,0.1076474666819658,0.13432835820895522,0.0,6.0,1.0,1.0,1.0,1.0,1.0,1.0,1.0,1.0,1.0
0.42105263157894735,0.6722689075630252,1.0,1.0,0.0,0.0,0.0,0.08806360386925008,0.09328358208955223,0.0,3.0,1.0,1.0,1.0,1.0,1.0,1.0,1.0,1.0,1.0
0.2631578947368421,0.4481792717086835,1.0,1.0,0.0,0.0,0.0,0.12282286961161465,0.17537313432835822,1.0,3.0,1.0,1.0,1.0,1.0,1.0,1.0,1.0,1.0,1.0
0.5263157894736843,0.7310924369747899,1.0,1.0,0.0,0.0,0.0,0.05289321519746448,0.0708955223880597,0.0,2.0,1.0,1.0,1.0,1.0,1.0,1.0,1.0,1.0,1.0
0.3157894736842105,0.43977591036414565,1.0,1.0,0.0,0.0,0.0,0.12640455733580855,0.13059701492537312,1.0,3.0,1.0,1.0,1.0,1.0,1.0,1.0,1.0,1.0,1.0
0.15789473684210525,0.39215686274509803,1.0,1.0,0.0,0.0,0.0,0.1378592598143009,0.1417910447761194,0.0,1.0,1.0,1.0,1.0,1.0,1.0,1.0,1.0,1.0,1.0
0.42105263157894735,0.46218487394957986,0.0,1.0,0.0,0.0,0.0,0.058622196749634384,0.06343283582089553,1.0,0.0,1.0,1.0,1.0,1.0,1.0,1.0,0.0,0.0,1.0
0.47368421052631576,0.7422969187675069,1.0,1.0,0.0,0.0,0.0,0.07281101356746096,0.0708955223880597,0.0,3.0,1.0,1.0,1.0,1.0,1.0,1.0,1.0,1.0,1.0
0.3684210526315789,0.4761904761904762,1.0,1.0,1.0,0.0,0.0,0.07770044007452753,0.08582089552238806,0.0,1.0,1.0,1.0,1.0,1.0,1.0,1.0,1.0,1.0,1.0
0.3157894736842105,0.5910364145658263,1.0,1.0,1.0,0.0,0.0,0.11707414932969679,0.17537313432835822,0.0,4.0,1.0,1.0,1.0,1.0,1.0,1.0,0.0,1.0,1.0
0.3157894736842105,0.48179271708683474,1.0,1.0,0.0,0.0,0.0,0.1178809248123244,0.14925373134328357,0.0,3.0,1.0,1.0,1.0,1.0,1.0,1.0,1.0,1.0,1.0
0.3157894736842105,0.5210084033613445,1.0,1.0,0.0,0.0,0.0,0.07449574642682324,0.08208955223880597,0.0,3.0,1.0,1.0,1.0,1.0,1.0,1.0,1.0,1.0,1.0
0.3157894736842105,0.5322128851540616,1.0,1.0,0.0,0.0,0.0,0.06729732623011464,0.06343283582089553,0.0,3.0,1.0,1.0,1.0,1.0,1.0,1.0,0.0,1.0,1.0
0.21052631578947367,0.4789915966386555,1.0,1.0,0.0,0.0,0.0,0.11838600095885275,0.1417910447761194,0.0,3.0,1.0,1.0,1.0,1.0,1.0,1.0,1.0,1.0,1.0
0.2631578947368421,0.4985994397759104,1.0,0.0,0.0,0.0,0.0,0.11493453161633888,0.0708955223880597,0.0,3.0,1.0,1.0,1.0,1.0,1.0,1.0,1.0,1.0,1.0
0.3157894736842105,0.5462184873949579,0.0,1.0,1.0,0.0,0.0,0.12020814940910803,0.1417910447761194,0.0,1.0,1.0,1.0,1.0,1.0,1.0,1.0,1.0,1.0,1.0
0.3157894736842105,0.4173669467787115,0.0,1.0,0.0,0.0,0.0,0.043437440016803705,0.048507462686567165,0.0,0.0,1.0,1.0,1.0,1.0,1.0,1.0,0.0,0.0,1.0
0.5263157894736843,0.5266106442577031,0.0,1.0,0.0,0.0,0.0,0.07271281930354127,0.08582089552238806,1.0,1.0,1.0,1.0,1.0,1.0,1.0,1.0,0.0,0.0,1.0
0.21052631578947367,0.44537815126050423,1.0,1.0,0.0,0.0,0.0,0.1108560366435837,0.11567164179104478,0.0,3.0,1.0,1.0,1.0,1.0,1.0,1.0,1.0,1.0,1.0
0.5263157894736843,0.6358543417366946,1.0,1.0,1.0,0.0,0.0,0.08501452796964992,0.08955223880597014,2.0,1.0,1.0,1.0,1.0,1.0,1.0,1.0,0.0,1.0,1.0
0.5263157894736843,0.43977591036414565,1.0,1.0,0.0,0.0,0.0,0.08782952313169855,0.07835820895522388,3.0,0.0,1.0,1.0,1.0,1.0,1.0,1.0,1.0,0.0,1.0
0.42105263157894735,0.4677871148459384,0.0,1.0,1.0,0.0,0.0,0.07194451135270638,0.07835820895522388,1.0,1.0,1.0,1.0,1.0,1.0,1.0,1.0,0.0,0.0,1.0
0.6842105263157894,0.8375350140056022,0.0,0.0,0.0,0.0,0.0,0.08727050529140105,0.10074626865671642,2.0,1.0,1.0,1.0,1.0,1.0,1.0,1.0,1.0,1.0,1.0
0.5263157894736843,0.619047619047619,0.0,1.0,0.0,0.0,0.0,0.07054475059137146,0.048507462686567165,0.0,1.0,1.0,1.0,1.0,1.0,1.0,1.0,0.0,0.0,1.0
0.3684210526315789,0.7086834733893557,1.0,1.0,0.0,0.0,1.0,0.126983963071754,0.13805970149253732,0.0,4.0,1.0,1.0,1.0,1.0,1.0,1.0,1.0,0.0,1.0
0.42105263157894735,0.7422969187675069,1.0,1.0,0.0,0.0,1.0,0.04912591598279685,0.07462686567164178,0.0,3.0,1.0,1.0,1.0,1.0,1.0,1.0,1.0,1.0,1.0
0.3157894736842105,0.484593837535014,1.0,1.0,0.0,0.0,0.0,0.05601678990477694,0.06343283582089553,0.0,1.0,1.0,1.0,1.0,1.0,1.0,1.0,1.0,1.0,1.0
0.3157894736842105,0.45098039215686275,1.0,1.0,0.0,0.0,1.0,0.1279409593763488,0.17537313432835822,2.0,1.0,1.0,1.0,1.0,1.0,1.0,1.0,1.0,1.0,1.0
0.3684210526315789,0.4593837535014006,1.0,1.0,1.0,0.0,0.0,0.04817618232003826,0.04477611940298507,0.0,0.0,1.0,1.0,1.0,1.0,1.0,1.0,1.0,1.0,1.0
0.05263157894736842,0.12605042016806722,1.0,1.0,0.0,0.0,0.0,0.008452693550442675,0.007462686567164179,0.0,0.0,1.0,1.0,1.0,1.0,1.0,1.0,1.0,1.0,1.0
0.42105263157894735,0.5602240896358543,1.0,1.0,0.0,0.0,0.0,0.08936611116776337,0.14925373134328357,1.0,1.0,1.0,1.0,1.0,1.0,1.0,1.0,0.0,0.0,1.0
0.3157894736842105,0.6050420168067226,1.0,1.0,0.0,0.0,0.0,0.12197822491702609,0.09701492537313433,0.0,3.0,1.0,1.0,1.0,1.0,1.0,1.0,1.0,1.0,1.0
0.2631578947368421,0.3865546218487395,1.0,1.0,0.0,0.0,0.0,0.0775342357343155,0.05970149253731343,0.0,2.0,1.0,1.0,1.0,1.0,1.0,1.0,1.0,1.0,1.0
0.5789473684210527,0.6722689075630252,1.0,1.0,0.0,0.0,0.0,0.14103310675143516,0.21641791044776118,1.0,2.0,1.0,1.0,1.0,1.0,1.0,1.0,1.0,0.0,1.0
0.2631578947368421,0.42577030812324934,0.0,1.0,0.0,0.0,0.0,0.1195391385761962,0.16417910447761194,0.0,1.0,1.0,1.0,1.0,1.0,1.0,1.0,0.0,0.0,1.0
0.3157894736842105,0.4649859943977591,0.0,1.0,0.0,0.0,0.0,0.08145219313674729,0.08955223880597014,0.0,1.0,1.0,1.0,1.0,1.0,1.0,1.0,1.0,0.0,1.0
0.3157894736842105,0.4341736694677871,0.0,1.0,0.0,0.0,1.0,0.046485893817790176,0.055970149253731345,0.0,0.0,1.0,1.0,1.0,1.0,1.0,1.0,0.0,0.0,1.0
0.3157894736842105,0.48179271708683474,0.0,1.0,0.0,0.0,0.0,0.07552600397485806,0.07462686567164178,1.0,1.0,1.0,1.0,1.0,1.0,1.0,1.0,1.0,0.0,1.0
0.3684210526315789,0.4173669467787115,1.0,1.0,1.0,0.0,1.0,0.06859681104857676,0.08582089552238806,0.0,1.0,1.0,1.0,1.0,1.0,1.0,1.0,1.0,0.0,1.0
0.3684210526315789,0.42016806722689076,1.0,1.0,0.0,0.0,1.0,0.11020457535132856,0.08208955223880597,1.0,1.0,1.0,1.0,1.0,1.0,1.0,1.0,0.0,1.0,1.0
0.3157894736842105,0.4985994397759104,1.0,1.0,0.0,0.0,0.0,0.045726889450375195,0.05223880597014925,0.0,0.0,1.0,1.0,1.0,1.0,1.0,1.0,1.0,1.0,1.0
0.5263157894736843,0.5406162464985994,0.0,1.0,0.0,0.0,0.0,0.03742482525917491,0.041044776119402986,0.0,0.0,1.0,1.0,1.0,1.0,1.0,1.0,0.0,0.0,1.0
0.3157894736842105,0.4369747899159664,1.0,1.0,1.0,0.0,0.0,0.15099407812670368,0.19029850746268656,1.0,2.0,1.0,1.0,1.0,1.0,1.0,1.0,1.0,1.0,1.0
0.3684210526315789,0.6638655462184874,1.0,1.0,0.0,0.0,0.0,0.09683200572837974,0.08208955223880597,0.0,3.0,1.0,1.0,1.0,1.0,1.0,1.0,1.0,1.0,1.0
0.47368421052631576,0.5126050420168067,1.0,1.0,1.0,0.0,0.0,0.06713908029440074,0.08955223880597014,0.0,1.0,1.0,1.0,1.0,1.0,1.0,1.0,1.0,0.0,1.0
0.2631578947368421,0.3781512605042017,1.0,1.0,0.0,0.0,0.0,0.07184789517876274,0.07835820895522388,0.0,2.0,1.0,1.0,1.0,1.0,1.0,1.0,0.0,0.0,0.0
0.3157894736842105,0.5070028011204482,1.0,1.0,0.0,0.0,1.0,0.24551742480134495,0.31343283582089554,0.0,2.0,1.0,1.0,1.0,1.0,1.0,1.0,1.0,1.0,1.0
0.3157894736842105,0.4677871148459384,1.0,1.0,0.0,0.0,0.0,0.10535289493592048,0.13805970149253732,0.0,1.0,1.0,1.0,1.0,1.0,1.0,1.0,1.0,1.0,1.0
0.47368421052631576,0.4481792717086835,0.0,0.0,0.0,0.0,0.0,0.052982950373161024,0.07835820895522388,1.0,0.0,1.0,1.0,1.0,1.0,1.0,1.0,0.0,0.0,1.0
0.3157894736842105,0.6274509803921569,1.0,1.0,1.0,0.0,0.0,0.30348127255770846,0.3544776119402985,0.0,1.0,1.0,1.0,1.0,1.0,1.0,1.0,1.0,1.0,1.0
0.3157894736842105,0.40896358543417366,1.0,1.0,0.0,0.0,1.0,0.08754367266060444,0.08955223880597014,1.0,1.0,1.0,1.0,1.0,1.0,1.0,1.0,0.0,0.0,1.0
0.3684210526315789,0.6218487394957983,1.0,1.0,1.0,0.0,0.0,0.18895776180496435,0.2126865671641791,0.0,2.0,1.0,1.0,1.0,1.0,1.0,1.0,1.0,1.0,1.0
0.3684210526315789,0.5966386554621849,1.0,1.0,0.0,0.0,0.0,0.10326479660300991,0.15671641791044777,0.0,2.0,1.0,1.0,1.0,1.0,1.0,1.0,1.0,1.0,1.0
0.15789473684210525,0.12885154061624648,0.0,0.0,0.0,0.0,0.0,0.07824450729176621,0.09701492537313433,1.0,0.0,1.0,1.0,1.0,1.0,1.0,1.0,1.0,1.0,0.0
0.2631578947368421,0.43137254901960786,1.0,1.0,0.0,0.0,0.0,0.0855654032244467,0.09328358208955223,0.0,3.0,1.0,1.0,1.0,1.0,1.0,1.0,1.0,1.0,1.0
0.3684210526315789,0.6974789915966386,1.0,1.0,1.0,0.0,0.0,0.11519702632197307,0.1455223880597015,0.0,3.0,1.0,1.0,1.0,1.0,1.0,1.0,1.0,1.0,1.0
0.21052631578947367,0.24929971988795518,1.0,1.0,0.0,0.0,0.0,0.04957632673025216,0.041044776119402986,0.0,0.0,1.0,1.0,1.0,1.0,1.0,1.0,1.0,1.0,1.0
0.47368421052631576,0.6778711484593837,1.0,1.0,0.0,0.0,0.0,0.09426174618649376,0.09701492537313433,0.0,3.0,1.0,1.0,1.0,1.0,1.0,1.0,1.0,1.0,1.0
0.5263157894736843,0.6834733893557423,1.0,1.0,0.0,0.0,0.0,0.07227297072386508,0.08208955223880597,0.0,4.0,1.0,1.0,1.0,1.0,1.0,1.0,1.0,1.0,1.0
0.3684210526315789,0.5434173669467787,1.0,1.0,1.0,0.0,0.0,0.0899464997915008,0.08955223880597014,0.0,3.0,1.0,1.0,1.0,1.0,1.0,1.0,1.0,1.0,1.0
0.3684210526315789,0.6134453781512604,1.0,1.0,0.0,0.0,0.0,0.06533773556221005,0.08582089552238806,0.0,3.0,1.0,1.0,1.0,1.0,1.0,1.0,1.0,1.0,1.0
0.5263157894736843,0.7619047619047619,1.0,1.0,0.0,0.0,0.0,0.0711863448292224,0.10074626865671642,0.0,3.0,1.0,1.0,1.0,1.0,1.0,1.0,1.0,1.0,1.0
0.5789473684210527,0.7002801120448179,1.0,1.0,0.0,0.0,0.0,0.0634421436574314,0.08582089552238806,0.0,2.0,1.0,1.0,1.0,1.0,1.0,1.0,0.0,0.0,1.0
0.3157894736842105,0.3865546218487395,1.0,1.0,0.0,0.0,0.0,0.09279910877584316,0.07835820895522388,1.0,1.0,1.0,1.0,1.0,1.0,1.0,1.0,1.0,0.0,1.0
0.21052631578947367,0.17927170868347342,1.0,1.0,0.0,0.0,0.0,0.0628916754773317,0.033582089552238806,2.0,0.0,1.0,1.0,1.0,1.0,1.0,1.0,1.0,1.0,1.0
0.5789473684210527,0.6946778711484594,1.0,1.0,0.0,0.0,1.0,0.10008056984937508,0.09328358208955223,1.0,2.0,1.0,1.0,1.0,1.0,1.0,1.0,1.0,0.0,1.0
0.3684210526315789,0.4341736694677871,1.0,1.0,1.0,0.0,0.0,0.058628661800010876,0.07835820895522388,0.0,0.0,1.0,1.0,1.0,1.0,1.0,1.0,0.0,1.0,1.0
0.3684210526315789,0.5798319327731092,1.0,1.0,0.0,0.0,1.0,0.07728987635912114,0.07835820895522388,0.0,2.0,1.0,1.0,1.0,1.0,1.0,1.0,1.0,0.0,1.0
0.3157894736842105,0.5602240896358543,0.0,1.0,0.0,0.0,0.0,0.11159019060472253,0.12686567164179105,0.0,3.0,1.0,1.0,1.0,1.0,1.0,1.0,1.0,0.0,1.0
0.3684210526315789,0.5798319327731092,1.0,1.0,0.0,0.0,0.0,0.11332600354429125,0.13805970149253732,2.0,3.0,1.0,1.0,1.0,1.0,1.0,1.0,1.0,1.0,1.0
0.3157894736842105,0.6246498599439776,1.0,1.0,0.0,0.0,0.0,0.17721471080816403,0.23880597014925373,0.0,3.0,1.0,1.0,1.0,1.0,1.0,1.0,1.0,1.0,1.0
0.21052631578947367,0.43977591036414565,1.0,1.0,0.0,0.0,1.0,0.1638514909853174,0.17164179104477612,0.0,2.0,1.0,1.0,1.0,1.0,1.0,1.0,1.0,1.0,0.0
0.42105263157894735,0.7030812324929971,1.0,1.0,0.0,0.0,0.0,0.1477543297762509,0.20149253731343283,0.0,4.0,1.0,1.0,1.0,1.0,1.0,1.0,1.0,1.0,1.0
0.3157894736842105,0.48739495798319327,1.0,1.0,1.0,0.0,0.0,0.08689166258568777,0.10820895522388059,0.0,2.0,1.0,1.0,1.0,1.0,1.0,1.0,1.0,1.0,1.0
0.3684210526315789,0.49019607843137253,1.0,1.0,0.0,0.0,0.0,0.06489197304318856,0.08955223880597014,0.0,1.0,1.0,1.0,1.0,1.0,1.0,1.0,0.0,1.0,1.0
0.3157894736842105,0.4929971988795518,0.0,1.0,0.0,0.0,0.0,0.10739531243507762,0.07462686567164178,0.0,2.0,1.0,1.0,1.0,1.0,1.0,1.0,1.0,1.0,1.0
0.3157894736842105,0.4649859943977591,0.0,1.0,0.0,0.0,0.0,0.0643284785055861,0.08208955223880597,0.0,2.0,1.0,1.0,1.0,1.0,1.0,1.0,1.0,1.0,1.0
0.21052631578947367,0.4005602240896359,1.0,1.0,0.0,0.0,0.0,0.08858809978673908,0.10074626865671642,0.0,2.0,1.0,1.0,1.0,1.0,1.0,1.0,1.0,1.0,1.0
0.3684210526315789,0.619047619047619,1.0,1.0,0.0,0.0,0.0,0.10351853874168024,0.16417910447761194,0.0,3.0,1.0,1.0,1.0,1.0,1.0,1.0,1.0,1.0,1.0
0.5789473684210527,0.7955182072829131,1.0,1.0,0.0,0.0,0.0,0.06760687199568466,0.06343283582089553,0.0,1.0,1.0,1.0,1.0,1.0,1.0,1.0,1.0,0.0,1.0
0.3684210526315789,0.49579831932773116,0.0,1.0,0.0,0.0,0.0,0.10134423546528773,0.11194029850746269,0.0,2.0,1.0,1.0,1.0,1.0,1.0,1.0,0.0,0.0,1.0
0.42105263157894735,0.5602240896358543,1.0,1.0,1.0,0.0,1.0,0.09334415434159268,0.1044776119402985,1.0,2.0,1.0,1.0,1.0,1.0,1.0,1.0,1.0,1.0,1.0
0.42105263157894735,0.6666666666666666,1.0,1.0,0.0,0.0,1.0,0.06430524780075866,0.10074626865671642,0.0,2.0,1.0,1.0,1.0,1.0,1.0,1.0,1.0,1.0,1.0
0.3684210526315789,0.5910364145658263,1.0,1.0,1.0,0.0,0.0,0.0643391027072978,0.08955223880597014,0.0,2.0,1.0,1.0,1.0,1.0,1.0,1.0,1.0,1.0,1.0
0.3684210526315789,0.5910364145658263,1.0,1.0,0.0,0.0,0.0,0.09350046033359366,0.13805970149253732,0.0,2.0,1.0,1.0,1.0,1.0,1.0,1.0,1.0,1.0,1.0
0.5263157894736843,0.5126050420168067,0.0,1.0,0.0,0.0,0.0,0.06267272225981653,0.07835820895522388,2.0,0.0,1.0,1.0,1.0,1.0,1.0,1.0,0.0,1.0,1.0
0.21052631578947367,0.42577030812324934,0.0,1.0,1.0,0.0,1.0,0.048586447221774194,0.03731343283582089,0.0,3.0,1.0,1.0,1.0,1.0,1.0,1.0,0.0,1.0,1.0
0.3157894736842105,0.41456582633053224,1.0,1.0,0.0,0.0,0.0,0.07998902322586449,0.10074626865671642,0.0,1.0,1.0,1.0,1.0,1.0,1.0,1.0,1.0,1.0,1.0
0.47368421052631576,0.6610644257703081,1.0,1.0,0.0,0.0,1.0,0.04176178120926285,0.03731343283582089,0.0,2.0,1.0,1.0,1.0,1.0,1.0,1.0,1.0,1.0,1.0
0.3157894736842105,0.39215686274509803,1.0,1.0,0.0,0.0,0.0,0.08747702349018124,0.10820895522388059,0.0,1.0,1.0,1.0,1.0,1.0,1.0,1.0,1.0,1.0,1.0
0.3157894736842105,0.4369747899159664,1.0,0.0,0.0,0.0,0.0,0.02992135588103739,0.029850746268656716,0.0,0.0,1.0,1.0,1.0,1.0,1.0,1.0,1.0,1.0,0.0
0.21052631578947367,0.4061624649859944,1.0,1.0,0.0,0.0,1.0,0.07080108517925339,0.07835820895522388,0.0,2.0,1.0,1.0,1.0,1.0,1.0,1.0,0.0,1.0,1.0
0.3684210526315789,0.6582633053221288,0.0,1.0,0.0,0.0,1.0,0.10918687347873533,0.12686567164179105,0.0,2.0,1.0,1.0,1.0,1.0,1.0,1.0,1.0,1.0,1.0
0.15789473684210525,0.44537815126050423,1.0,1.0,0.0,0.0,0.0,0.3272076868659357,0.3694029850746269,0.0,1.0,1.0,1.0,1.0,1.0,1.0,1.0,1.0,1.0,1.0
0.3157894736842105,0.484593837535014,1.0,1.0,1.0,0.0,0.0,0.1683277951936815,0.22388059701492538,0.0,1.0,1.0,1.0,1.0,1.0,1.0,1.0,1.0,1.0,1.0
0.2631578947368421,0.44537815126050423,0.0,1.0,0.0,0.0,0.0,0.05746726580816944,0.055970149253731345,0.0,2.0,1.0,1.0,1.0,1.0,1.0,1.0,0.0,1.0,1.0
0.3684210526315789,0.40896358543417366,1.0,1.0,0.0,0.0,0.0,0.08418284446851475,0.1044776119402985,1.0,1.0,1.0,1.0,1.0,1.0,1.0,1.0,1.0,0.0,1.0
0.3684210526315789,0.4285714285714286,1.0,1.0,0.0,0.0,1.0,0.07165340644784668,0.08955223880597014,1.0,1.0,1.0,1.0,1.0,1.0,1.0,1.0,1.0,1.0,0.0
0.5789473684210527,0.7366946778711484,1.0,0.0,1.0,0.0,0.0,0.07428905717563021,0.06343283582089553,1.0,2.0,1.0,1.0,1.0,1.0,1.0,1.0,1.0,1.0,1.0
0.21052631578947367,0.47338935574229696,1.0,1.0,0.0,0.0,0.0,0.16437392240233856,0.11940298507462686,0.0,3.0,1.0,1.0,1.0,1.0,1.0,1.0,1.0,1.0,1.0
0.21052631578947367,0.4173669467787115,1.0,1.0,0.0,0.0,0.0,0.14737774794839056,0.11194029850746269,1.0,1.0,1.0,1.0,1.0,1.0,1.0,1.0,1.0,1.0,1.0
0.3684210526315789,0.5910364145658263,1.0,1.0,0.0,0.0,0.0,0.16297485850522525,0.19776119402985073,0.0,2.0,1.0,1.0,1.0,1.0,1.0,1.0,0.0,1.0,1.0
0.47368421052631576,0.41456582633053224,0.0,1.0,0.0,0.0,0.0,0.09025007047851681,0.10074626865671642,3.0,1.0,1.0,1.0,1.0,1.0,1.0,1.0,1.0,0.0,1.0
0.42105263157894735,0.5238095238095237,1.0,1.0,0.0,0.0,0.0,0.07700197576014377,0.08208955223880597,1.0,1.0,1.0,1.0,1.0,1.0,1.0,1.0,1.0,0.0,1.0
0.2631578947368421,0.44257703081232497,1.0,0.0,1.0,0.0,0.0,0.12487406523070343,0.15298507462686567,0.0,3.0,1.0,1.0,1.0,1.0,1.0,1.0,1.0,1.0,1.0
0.5789473684210527,0.6750700280112044,1.0,1.0,0.0,0.0,0.0,0.1139525470052039,0.12686567164179105,2.0,3.0,1.0,1.0,1.0,1.0,1.0,1.0,1.0,0.0,1.0
0.15789473684210525,0.3081232492997199,1.0,1.0,0.0,0.0,0.0,0.17497279819566924,0.19029850746268656,1.0,2.0,1.0,1.0,1.0,1.0,1.0,1.0,1.0,1.0,1.0
0.5789473684210527,0.6806722689075629,1.0,1.0,0.0,0.0,0.0,0.07848826517241038,0.11194029850746269,2.0,1.0,1.0,1.0,1.0,1.0,1.0,1.0,0.0,0.0,1.0
0.47368421052631576,0.6694677871148459,1.0,1.0,0.0,0.0,1.0,0.10958877255374286,0.1417910447761194,0.0,3.0,1.0,1.0,1.0,1.0,1.0,1.0,1.0,1.0,1.0
0.42105263157894735,0.7142857142857143,1.0,1.0,0.0,0.0,0.0,0.09242298800459645,0.1044776119402985,0.0,2.0,1.0,1.0,1.0,1.0,1.0,1.0,1.0,1.0,1.0
0.15789473684210525,0.4173669467787115,1.0,1.0,0.0,0.0,1.0,0.09570132769341971,0.09701492537313433,0.0,3.0,1.0,1.0,1.0,1.0,1.0,1.0,1.0,1.0,1.0
0.5263157894736843,0.6022408963585434,0.0,1.0,1.0,0.0,1.0,0.06014380982599508,0.06343283582089553,0.0,0.0,1.0,1.0,1.0,1.0,1.0,1.0,0.0,0.0,1.0
0.7894736842105263,0.5966386554621849,1.0,1.0,0.0,0.0,0.0,0.0700840413279383,0.08208955223880597,5.0,0.0,1.0,1.0,1.0,1.0,1.0,1.0,1.0,0.0,1.0
0.21052631578947367,0.33053221288515405,1.0,1.0,0.0,0.0,0.0,0.06706987296174408,0.08582089552238806,0.0,1.0,1.0,1.0,1.0,1.0,1.0,1.0,1.0,1.0,1.0
0.3684210526315789,0.5518207282913165,0.0,1.0,0.0,0.0,0.0,0.04481472324254776,0.04477611940298507,0.0,0.0,1.0,1.0,1.0,1.0,1.0,1.0,1.0,0.0,1.0
0.42105263157894735,0.47058823529411764,0.0,1.0,0.0,0.0,0.0,0.04941236690022771,0.08208955223880597,0.0,1.0,1.0,1.0,1.0,1.0,1.0,1.0,0.0,0.0,1.0
0.47368421052631576,0.7030812324929971,1.0,1.0,1.0,0.0,0.0,0.091057913875212,0.11567164179104478,0.0,3.0,1.0,1.0,1.0,1.0,1.0,1.0,1.0,1.0,1.0
0.21052631578947367,0.4369747899159664,1.0,1.0,0.0,0.0,1.0,0.08823251758256968,0.1044776119402985,0.0,2.0,1.0,1.0,1.0,1.0,1.0,1.0,0.0,0.0,1.0
0.3684210526315789,0.8263305322128851,1.0,1.0,1.0,0.0,0.0,0.14597348407301944,0.16044776119402984,0.0,6.0,1.0,1.0,1.0,1.0,1.0,1.0,1.0,1.0,1.0
0.2631578947368421,0.31092436974789917,1.0,1.0,0.0,0.0,0.0,0.07738049949105509,0.05970149253731343,0.0,1.0,1.0,1.0,1.0,1.0,1.0,1.0,1.0,0.0,1.0
0.5263157894736843,0.6890756302521008,1.0,1.0,0.0,0.0,0.0,0.05685318970115252,0.055970149253731345,0.0,2.0,1.0,1.0,1.0,1.0,1.0,1.0,1.0,1.0,1.0
0.47368421052631576,0.5742296918767507,1.0,1.0,0.0,0.0,0.0,0.08061583374449437,0.10820895522388059,0.0,2.0,1.0,1.0,1.0,1.0,1.0,1.0,0.0,1.0,1.0
0.42105263157894735,0.5462184873949579,1.0,1.0,0.0,0.0,1.0,0.056881007228457,0.055970149253731345,0.0,1.0,1.0,1.0,1.0,1.0,1.0,1.0,1.0,0.0,0.0
0.5789473684210527,0.5602240896358543,1.0,1.0,0.0,0.0,0.0,0.10885749026436577,0.10074626865671642,4.0,2.0,1.0,1.0,1.0,1.0,1.0,1.0,1.0,0.0,1.0
0.2631578947368421,0.38935574229691877,1.0,1.0,0.0,0.0,0.0,0.07757262218888322,0.07462686567164178,0.0,2.0,1.0,1.0,1.0,1.0,1.0,1.0,0.0,1.0,0.0
0.47368421052631576,0.6302521008403361,1.0,1.0,0.0,0.0,0.0,0.049352439486866594,0.05223880597014925,0.0,1.0,1.0,1.0,1.0,1.0,1.0,1.0,1.0,1.0,1.0
0.15789473684210525,0.42296918767507,1.0,1.0,0.0,0.0,0.0,0.12227223688525012,0.13059701492537312,0.0,2.0,1.0,1.0,1.0,1.0,1.0,1.0,1.0,1.0,1.0
0.15789473684210525,0.3697478991596639,1.0,1.0,1.0,0.0,1.0,0.1203581643647314,0.1044776119402985,0.0,3.0,1.0,1.0,1.0,1.0,1.0,1.0,1.0,1.0,1.0
0.3684210526315789,0.5350140056022409,1.0,1.0,0.0,0.0,0.0,0.0779013279741622,0.10074626865671642,0.0,2.0,1.0,1.0,1.0,1.0,1.0,1.0,0.0,0.0,1.0
0.21052631578947367,0.36414565826330536,0.0,1.0,0.0,0.0,0.0,0.0803672928155207,0.0708955223880597,0.0,2.0,1.0,1.0,1.0,1.0,1.0,1.0,1.0,1.0,1.0
0.21052631578947367,0.4593837535014006,1.0,1.0,0.0,0.0,1.0,0.07571650934503955,0.07462686567164178,0.0,4.0,1.0,1.0,1.0,1.0,1.0,1.0,1.0,1.0,0.0
0.15789473684210525,0.23809523809523814,1.0,1.0,0.0,0.0,0.0,0.10962055123283732,0.11194029850746269,0.0,1.0,1.0,1.0,1.0,1.0,1.0,1.0,1.0,1.0,1.0
0.3684210526315789,0.5098039215686274,0.0,1.0,0.0,0.0,0.0,0.08452693550442675,0.13059701492537312,0.0,1.0,1.0,1.0,1.0,1.0,1.0,1.0,0.0,0.0,1.0
0.3157894736842105,0.7366946778711484,1.0,1.0,0.0,0.0,0.0,0.19120924858798172,0.2462686567164179,0.0,4.0,1.0,1.0,1.0,1.0,1.0,1.0,1.0,1.0,1.0
0.42105263157894735,0.49579831932773116,1.0,1.0,1.0,0.0,0.0,0.09516900847803099,0.10074626865671642,0.0,2.0,1.0,1.0,1.0,1.0,1.0,1.0,1.0,1.0,1.0
0.3684210526315789,0.6610644257703081,0.0,1.0,1.0,0.0,1.0,0.0941667145654179,0.13059701492537312,0.0,2.0,1.0,1.0,1.0,1.0,1.0,1.0,1.0,0.0,1.0
0.2631578947368421,0.44537815126050423,1.0,1.0,1.0,0.0,0.0,0.121417090355948,0.08955223880597014,1.0,2.0,1.0,1.0,1.0,1.0,1.0,1.0,1.0,1.0,1.0
0.3684210526315789,0.3697478991596639,0.0,1.0,0.0,0.0,0.0,0.0485570276325059,0.055970149253731345,0.0,0.0,1.0,1.0,1.0,1.0,1.0,1.0,1.0,1.0,1.0
0.3157894736842105,0.5210084033613445,1.0,1.0,0.0,0.0,0.0,0.1115640540097734,0.1455223880597015,0.0,1.0,1.0,1.0,1.0,1.0,1.0,1.0,1.0,1.0,1.0
0.15789473684210525,0.45098039215686275,0.0,1.0,0.0,0.0,0.0,0.053250292219642115,0.048507462686567165,0.0,4.0,1.0,1.0,1.0,1.0,1.0,1.0,1.0,1.0,1.0
0.2631578947368421,0.42577030812324934,1.0,1.0,0.0,0.0,0.0,0.07368887397419528,0.11194029850746269,0.0,1.0,1.0,1.0,1.0,1.0,1.0,1.0,1.0,0.0,1.0
0.3684210526315789,0.39215686274509803,0.0,0.0,1.0,0.0,0.0,0.02551170089213854,0.041044776119402986,0.0,0.0,1.0,1.0,1.0,1.0,1.0,1.0,1.0,0.0,1.0
0.2631578947368421,0.42016806722689076,1.0,1.0,0.0,0.0,0.0,0.06523133461946083,0.06716417910447761,0.0,2.0,1.0,1.0,1.0,1.0,1.0,1.0,1.0,1.0,1.0
0.0,0.05602240896358543,1.0,1.0,0.0,0.0,0.0,0.0,0.0,0.0,0.0,1.0,1.0,1.0,1.0,1.0,1.0,1.0,0.0,1.0
0.3684210526315789,0.5630252100840336,1.0,1.0,0.0,0.0,0.0,0.09034279635366702,0.11194029850746269,0.0,3.0,1.0,1.0,1.0,1.0,1.0,1.0,1.0,1.0,1.0
0.5263157894736843,0.7114845938375349,1.0,1.0,1.0,0.0,0.0,0.0908824969860452,0.1044776119402985,0.0,4.0,1.0,1.0,1.0,1.0,1.0,1.0,1.0,1.0,1.0
0.3684210526315789,0.5910364145658263,1.0,1.0,0.0,0.0,0.0,0.11085100128046677,0.11567164179104478,0.0,3.0,1.0,1.0,1.0,1.0,1.0,1.0,1.0,1.0,0.0
0.2631578947368421,0.42577030812324934,1.0,1.0,0.0,0.0,0.0,0.048311167684964,0.06343283582089553,0.0,1.0,1.0,1.0,1.0,1.0,1.0,1.0,1.0,1.0,0.0
0.5263157894736843,0.6414565826330532,1.0,1.0,0.0,0.0,1.0,0.08845922955321601,0.07835820895522388,0.0,3.0,1.0,1.0,1.0,1.0,1.0,1.0,1.0,0.0,1.0
0.7894736842105263,0.7899159663865546,1.0,1.0,0.0,0.0,0.0,0.051923469561331,0.041044776119402986,1.0,0.0,1.0,1.0,1.0,1.0,1.0,1.0,1.0,1.0,1.0
0.42105263157894735,0.7507002801120448,1.0,0.0,0.0,0.0,0.0,0.11582897725886158,0.15298507462686567,0.0,4.0,1.0,1.0,1.0,1.0,1.0,1.0,1.0,0.0,1.0
0.0,0.07563025210084033,1.0,1.0,0.0,0.0,0.0,0.0,0.0,0.0,1.0,1.0,1.0,1.0,1.0,1.0,1.0,1.0,1.0,0.0
0.42105263157894735,0.7198879551820728,1.0,1.0,0.0,0.0,0.0,0.11505725939462101,0.16791044776119401,0.0,3.0,1.0,1.0,1.0,1.0,1.0,1.0,1.0,1.0,1.0
0.2631578947368421,0.48179271708683474,1.0,1.0,0.0,0.0,0.0,0.06547428270291865,0.06343283582089553,0.0,3.0,1.0,1.0,1.0,1.0,1.0,1.0,1.0,1.0,1.0
0.3157894736842105,0.6218487394957983,1.0,1.0,1.0,0.0,0.0,0.2364905215278046,0.34701492537313433,1.0,4.0,1.0,1.0,1.0,1.0,1.0,1.0,1.0,0.0,1.0
0.3157894736842105,0.45658263305322133,0.0,1.0,0.0,0.0,0.0,0.10300147151742495,0.11567164179104478,0.0,1.0,1.0,1.0,1.0,1.0,1.0,1.0,1.0,0.0,1.0
0.42105263157894735,0.453781512605042,1.0,1.0,0.0,0.0,0.0,0.11681477356394972,0.13432835820895522,3.0,1.0,1.0,1.0,1.0,1.0,1.0,1.0,1.0,0.0,1.0
0.21052631578947367,0.3697478991596639,0.0,1.0,0.0,0.0,0.0,0.06753696857256226,0.08208955223880597,0.0,2.0,1.0,1.0,1.0,1.0,1.0,1.0,0.0,0.0,1.0
0.42105263157894735,0.49579831932773116,1.0,0.0,1.0,0.0,0.0,0.08702580649046403,0.10820895522388059,1.0,2.0,1.0,1.0,1.0,1.0,1.0,1.0,0.0,0.0,1.0
0.3157894736842105,0.5294117647058824,0.0,1.0,0.0,0.0,0.0,0.07585349998044232,0.1044776119402985,0.0,2.0,1.0,1.0,1.0,1.0,1.0,1.0,1.0,1.0,1.0
0.8421052631578947,0.6974789915966386,0.0,1.0,0.0,0.0,0.0,0.09075543220958182,0.1455223880597015,6.0,1.0,1.0,1.0,1.0,1.0,1.0,1.0,1.0,0.0,1.0
0.42105263157894735,0.5742296918767507,1.0,1.0,0.0,0.0,0.0,0.11153032552728626,0.13805970149253732,0.0,2.0,1.0,1.0,1.0,1.0,1.0,1.0,1.0,1.0,1.0
0.2631578947368421,0.5210084033613445,0.0,1.0,1.0,0.0,0.0,0.12340321452922971,0.15671641791044777,0.0,4.0,1.0,1.0,1.0,1.0,1.0,1.0,0.0,0.0,1.0
0.3684210526315789,0.5014005602240896,1.0,1.0,1.0,0.0,1.0,0.11656981545091509,0.13059701492537312,1.0,3.0,1.0,1.0,1.0,1.0,1.0,1.0,0.0,0.0,1.0
0.3684210526315789,0.41456582633053224,0.0,1.0,0.0,0.0,0.0,0.03162708326115029,0.029850746268656716,0.0,0.0,1.0,1.0,1.0,1.0,1.0,1.0,1.0,0.0,1.0
0.42105263157894735,0.588235294117647,1.0,1.0,0.0,0.0,0.0,0.0650824198914846,0.06343283582089553,0.0,2.0,1.0,1.0,1.0,1.0,1.0,1.0,1.0,1.0,1.0
0.2631578947368421,0.4173669467787115,1.0,1.0,0.0,0.0,0.0,0.03673654674965787,0.03731343283582089,0.0,1.0,1.0,1.0,1.0,1.0,1.0,1.0,0.0,1.0,1.0
0.3157894736842105,0.41456582633053224,1.0,1.0,1.0,0.0,1.0,0.06364484083807279,0.05970149253731343,0.0,1.0,1.0,1.0,1.0,1.0,1.0,1.0,1.0,0.0,1.0
0.42105263157894735,0.6134453781512604,1.0,1.0,1.0,0.0,1.0,0.16697487343943082,0.25,0.0,3.0,1.0,1.0,1.0,1.0,1.0,1.0,1.0,1.0,1.0
0.15789473684210525,0.3025210084033614,0.0,1.0,0.0,0.0,0.0,0.1255694498519449,0.11567164179104478,0.0,1.0,1.0,1.0,1.0,1.0,1.0,1.0,1.0,1.0,1.0
0.5789473684210527,0.5798319327731092,1.0,1.0,0.0,0.0,0.0,0.07982650574986475,0.05970149253731343,3.0,1.0,1.0,1.0,1.0,1.0,1.0,1.0,1.0,0.0,1.0
0.3157894736842105,0.5826330532212884,1.0,1.0,1.0,0.0,1.0,0.09111834342298654,0.11940298507462686,0.0,4.0,1.0,1.0,1.0,1.0,1.0,1.0,1.0,1.0,1.0
0.47368421052631576,0.5854341736694677,1.0,1.0,1.0,0.0,0.0,0.07983209956268475,0.12686567164179105,0.0,1.0,1.0,1.0,1.0,1.0,1.0,1.0,1.0,1.0,1.0
0.3157894736842105,0.5406162464985994,1.0,1.0,0.0,0.0,1.0,0.1080450505275091,0.10820895522388059,0.0,2.0,1.0,1.0,1.0,1.0,1.0,1.0,1.0,1.0,0.0
0.42105263157894735,0.6134453781512604,1.0,1.0,0.0,0.0,0.0,0.05947367851383819,0.08582089552238806,0.0,1.0,1.0,1.0,1.0,1.0,1.0,1.0,1.0,1.0,1.0
0.2631578947368421,0.47338935574229696,1.0,1.0,0.0,0.0,1.0,0.13368593943149673,0.17164179104477612,0.0,2.0,1.0,1.0,1.0,1.0,1.0,1.0,0.0,1.0,1.0
0.3157894736842105,0.6134453781512604,0.0,1.0,0.0,0.0,0.0,0.10460284501201216,0.12313432835820895,0.0,2.0,1.0,1.0,1.0,1.0,1.0,1.0,1.0,1.0,1.0
0.3684210526315789,0.5322128851540616,1.0,1.0,1.0,0.0,0.0,0.06911563147575112,0.07462686567164178,0.0,1.0,1.0,1.0,1.0,1.0,1.0,1.0,1.0,1.0,1.0
0.2631578947368421,0.4285714285714286,1.0,0.0,0.0,0.0,0.0,0.13400474283435168,0.18656716417910446,0.0,2.0,1.0,1.0,1.0,1.0,1.0,1.0,1.0,1.0,1.0
0.3684210526315789,0.411764705882353,1.0,1.0,0.0,1.0,1.0,0.10446324684271216,0.1044776119402985,2.0,2.0,1.0,1.0,1.0,1.0,1.0,1.0,0.0,1.0,1.0
0.21052631578947367,0.42577030812324934,1.0,0.0,1.0,0.0,1.0,0.15022032234325172,0.11940298507462686,0.0,3.0,1.0,1.0,1.0,1.0,1.0,1.0,1.0,1.0,1.0
0.21052631578947367,0.5322128851540616,0.0,1.0,0.0,0.0,0.0,0.1266663697496223,0.1455223880597015,0.0,3.0,1.0,1.0,1.0,1.0,1.0,1.0,1.0,0.0,1.0
0.5789473684210527,0.8123249299719888,1.0,1.0,1.0,0.0,0.0,0.07404822754067247,0.11194029850746269,0.0,2.0,1.0,1.0,1.0,1.0,1.0,1.0,1.0,1.0,1.0
0.631578947368421,0.7703081232492996,1.0,1.0,0.0,0.0,0.0,0.10119446801944765,0.13805970149253732,1.0,3.0,1.0,1.0,1.0,1.0,1.0,1.0,1.0,1.0,1.0
0.3157894736842105,0.49579831932773116,1.0,1.0,1.0,0.0,0.0,0.11019640900572417,0.11194029850746269,0.0,2.0,1.0,1.0,1.0,1.0,1.0,1.0,1.0,1.0,1.0
0.2631578947368421,0.3025210084033614,1.0,1.0,0.0,0.0,0.0,0.07261722535947118,0.041044776119402986,1.0,0.0,1.0,1.0,1.0,1.0,1.0,1.0,1.0,1.0,1.0
0.3684210526315789,0.5378151260504201,1.0,1.0,0.0,0.0,1.0,0.09567216024045694,0.11940298507462686,0.0,3.0,1.0,1.0,1.0,1.0,1.0,1.0,1.0,1.0,1.0
0.5263157894736843,0.7394957983193277,1.0,1.0,0.0,0.0,1.0,0.10071374332385431,0.09701492537313433,1.0,2.0,1.0,1.0,1.0,1.0,1.0,1.0,1.0,1.0,1.0
0.21052631578947367,0.41456582633053224,1.0,1.0,0.0,0.0,0.0,0.04120200421584899,0.055970149253731345,0.0,3.0,1.0,1.0,1.0,1.0,1.0,1.0,1.0,1.0,1.0
0.3684210526315789,0.5854341736694677,1.0,1.0,0.0,0.0,0.0,0.13374484550657983,0.17537313432835822,2.0,3.0,1.0,1.0,1.0,1.0,1.0,1.0,1.0,1.0,1.0
0.3157894736842105,0.44257703081232497,1.0,1.0,1.0,0.0,1.0,0.028164142556857348,0.033582089552238806,0.0,0.0,1.0,1.0,1.0,1.0,1.0,1.0,1.0,0.0,1.0
0.47368421052631576,0.5938375350140056,1.0,1.0,1.0,0.0,1.0,0.2558249281912316,0.34701492537313433,4.0,3.0,1.0,1.0,1.0,1.0,1.0,1.0,1.0,1.0,1.0
0.47368421052631576,0.5182072829131652,0.0,1.0,0.0,0.0,0.0,0.05244077237835736,0.05970149253731343,1.0,0.0,1.0,1.0,1.0,1.0,1.0,1.0,0.0,1.0,1.0
0.15789473684210525,0.26330532212885155,0.0,1.0,0.0,0.0,0.0,0.11473577997503803,0.13432835820895522,1.0,1.0,1.0,1.0,1.0,1.0,1.0,1.0,1.0,1.0,1.0
0.2631578947368421,0.47338935574229696,1.0,1.0,1.0,0.0,0.0,0.0840678344859496,0.06343283582089553,0.0,3.0,1.0,1.0,1.0,1.0,1.0,1.0,0.0,1.0,1.0
0.2631578947368421,0.484593837535014,1.0,1.0,1.0,1.0,1.0,0.11763120960261199,0.11567164179104478,0.0,3.0,1.0,1.0,1.0,1.0,1.0,1.0,1.0,0.0,1.0
0.42105263157894735,0.7310924369747899,1.0,1.0,1.0,0.0,0.0,0.20450593313891113,0.26492537313432835,1.0,3.0,1.0,1.0,1.0,1.0,1.0,1.0,1.0,1.0,1.0
0.5789473684210527,0.7619047619047619,1.0,1.0,1.0,0.0,0.0,0.055369802653280106,0.08208955223880597,0.0,1.0,1.0,1.0,1.0,1.0,1.0,1.0,1.0,1.0,1.0
0.6842105263157894,0.6134453781512604,0.0,1.0,0.0,0.0,0.0,0.07549945323040222,0.0708955223880597,2.0,2.0,1.0,1.0,1.0,1.0,1.0,1.0,0.0,0.0,1.0
0.3157894736842105,0.4285714285714286,1.0,1.0,0.0,0.0,0.0,0.06747043860931357,0.07835820895522388,0.0,1.0,1.0,1.0,1.0,1.0,1.0,1.0,0.0,0.0,1.0
0.10526315789473684,0.1512605042016807,1.0,1.0,0.0,0.0,0.0,0.09370255495924376,0.08582089552238806,1.0,0.0,1.0,1.0,1.0,1.0,1.0,1.0,1.0,1.0,1.0
0.5263157894736843,0.7535014005602241,1.0,1.0,0.0,0.0,0.0,0.08985007909594281,0.11567164179104478,0.0,3.0,1.0,1.0,1.0,1.0,1.0,1.0,1.0,1.0,1.0
0.6842105263157894,0.5182072829131652,0.0,1.0,1.0,0.0,0.0,0.03690375192271391,0.03731343283582089,1.0,0.0,1.0,1.0,1.0,1.0,1.0,1.0,0.0,0.0,1.0
0.3684210526315789,0.619047619047619,0.0,1.0,0.0,0.0,1.0,0.11332107793292112,0.11940298507462686,0.0,3.0,1.0,1.0,1.0,1.0,1.0,1.0,1.0,1.0,1.0
0.47368421052631576,0.6806722689075629,1.0,1.0,0.0,0.0,0.0,0.07021843369132885,0.07835820895522388,0.0,4.0,1.0,1.0,1.0,1.0,1.0,1.0,1.0,1.0,1.0
0.3157894736842105,0.5070028011204482,0.0,1.0,0.0,0.0,0.0,0.0946350443738906,0.11567164179104478,0.0,3.0,1.0,1.0,1.0,1.0,1.0,1.0,1.0,1.0,1.0
0.631578947368421,0.8179271708683473,1.0,1.0,0.0,0.0,0.0,0.09589619358838977,0.08208955223880597,1.0,4.0,1.0,1.0,1.0,1.0,1.0,1.0,1.0,1.0,1.0
0.5263157894736843,0.5182072829131652,1.0,1.0,0.0,0.0,0.0,0.06909006341798285,0.09328358208955223,1.0,1.0,1.0,1.0,1.0,1.0,1.0,1.0,1.0,1.0,1.0
0.3157894736842105,0.44537815126050423,1.0,1.0,0.0,0.0,1.0,0.0467049467015883,0.048507462686567165,0.0,1.0,1.0,1.0,1.0,1.0,1.0,1.0,1.0,1.0,1.0
0.3157894736842105,0.5210084033613445,0.0,1.0,0.0,0.0,1.0,0.09678317166163965,0.11194029850746269,0.0,3.0,1.0,1.0,1.0,1.0,1.0,1.0,1.0,1.0,1.0
0.47368421052631576,0.6610644257703081,1.0,1.0,0.0,0.0,1.0,0.1409953878054921,0.18656716417910446,0.0,2.0,1.0,1.0,1.0,1.0,1.0,1.0,1.0,0.0,1.0
0.5789473684210527,0.5854341736694677,1.0,1.0,1.0,0.0,0.0,0.05716862011564258,0.055970149253731345,2.0,0.0,1.0,1.0,1.0,1.0,1.0,1.0,1.0,1.0,0.0
0.05263157894736842,0.07282913165266107,0.0,0.0,1.0,0.0,0.0,0.08452693550442675,0.07462686567164178,1.0,0.0,1.0,1.0,1.0,1.0,1.0,1.0,1.0,0.0,1.0
0.2631578947368421,0.411764705882353,1.0,1.0,0.0,0.0,0.0,0.0715572639578598,0.05970149253731343,0.0,4.0,1.0,1.0,1.0,1.0,1.0,1.0,1.0,1.0,1.0
0.42105263157894735,0.6694677871148459,1.0,1.0,0.0,0.0,0.0,0.13405081179918982,0.16791044776119401,1.0,4.0,1.0,1.0,1.0,1.0,1.0,1.0,1.0,1.0,1.0
0.6842105263157894,0.7030812324929971,1.0,1.0,1.0,0.0,0.0,0.13522287998938537,0.22014925373134328,3.0,2.0,1.0,1.0,1.0,1.0,1.0,1.0,1.0,1.0,1.0
0.3157894736842105,0.47058823529411764,1.0,1.0,0.0,0.0,0.0,0.09119832091878659,0.11194029850746269,0.0,2.0,1.0,1.0,1.0,1.0,1.0,1.0,1.0,1.0,1.0
0.42105263157894735,0.4173669467787115,1.0,1.0,0.0,0.0,1.0,0.07341304192124072,0.07462686567164178,2.0,1.0,1.0,1.0,1.0,1.0,1.0,1.0,1.0,1.0,1.0
0.21052631578947367,0.38935574229691877,1.0,1.0,0.0,0.0,1.0,0.09284120921771942,0.09701492537313433,0.0,2.0,1.0,1.0,1.0,1.0,1.0,1.0,0.0,1.0,1.0
0.3684210526315789,0.6610644257703081,1.0,1.0,0.0,0.0,1.0,0.15254418934583547,0.208955223880597,0.0,3.0,1.0,1.0,1.0,1.0,1.0,1.0,1.0,1.0,1.0
0.47368421052631576,0.6330532212885154,1.0,1.0,0.0,0.0,0.0,0.15543765707067964,0.17537313432835822,1.0,2.0,1.0,1.0,1.0,1.0,1.0,1.0,1.0,1.0,1.0
0.3157894736842105,0.5266106442577031,1.0,1.0,0.0,0.0,0.0,0.07127482459764244,0.06716417910447761,0.0,3.0,1.0,1.0,1.0,1.0,1.0,1.0,1.0,1.0,1.0
0.3684210526315789,0.5994397759103641,1.0,1.0,0.0,0.0,0.0,0.0791171100372038,0.08208955223880597,0.0,2.0,1.0,1.0,1.0,1.0,1.0,1.0,1.0,1.0,1.0
0.21052631578947367,0.42016806722689076,1.0,1.0,1.0,0.0,1.0,0.11348036223579383,0.11194029850746269,0.0,2.0,1.0,1.0,1.0,1.0,1.0,1.0,1.0,1.0,1.0
0.5263157894736843,0.6442577030812324,1.0,1.0,0.0,0.0,0.0,0.06441047644230978,0.07462686567164178,0.0,0.0,1.0,1.0,1.0,1.0,1.0,1.0,1.0,1.0,1.0
0.42105263157894735,0.5658263305322129,1.0,1.0,0.0,0.0,1.0,0.12099135143894006,0.14925373134328357,0.0,3.0,1.0,1.0,1.0,1.0,1.0,1.0,0.0,1.0,1.0
0.3157894736842105,0.6974789915966386,1.0,1.0,1.0,0.0,1.0,0.22544900183569,0.2835820895522388,0.0,3.0,1.0,1.0,1.0,1.0,1.0,1.0,1.0,1.0,1.0
0.2631578947368421,0.4005602240896359,1.0,1.0,0.0,0.0,0.0,0.0837840603952718,0.10820895522388059,0.0,1.0,1.0,1.0,1.0,1.0,1.0,1.0,1.0,0.0,1.0
0.47368421052631576,0.5658263305322129,1.0,1.0,0.0,0.0,1.0,0.08125584465928351,0.11567164179104478,1.0,1.0,1.0,1.0,1.0,1.0,1.0,1.0,1.0,0.0,1.0
0.42105263157894735,0.6722689075630252,1.0,1.0,1.0,0.0,1.0,0.07491166450366288,0.08582089552238806,0.0,3.0,1.0,1.0,1.0,1.0,1.0,1.0,1.0,0.0,1.0
0.3157894736842105,0.5490196078431372,1.0,1.0,0.0,0.0,0.0,0.13295970653995037,0.13805970149253732,0.0,2.0,1.0,1.0,1.0,1.0,1.0,1.0,1.0,1.0,1.0
0.05263157894736842,0.12324929971988795,1.0,1.0,0.0,0.0,0.0,0.10988501615575477,0.09701492537313433,0.0,1.0,1.0,1.0,1.0,1.0,1.0,1.0,1.0,1.0,1.0
0.42105263157894735,0.6050420168067226,1.0,1.0,0.0,0.0,0.0,0.07623061260604261,0.08208955223880597,1.0,1.0,1.0,1.0,1.0,1.0,1.0,1.0,1.0,0.0,0.0
0.3684210526315789,0.40896358543417366,1.0,1.0,1.0,0.0,1.0,0.042670930914730475,0.04477611940298507,0.0,0.0,1.0,1.0,1.0,1.0,1.0,1.0,0.0,1.0,1.0
0.3157894736842105,0.44537815126050423,1.0,1.0,0.0,0.0,1.0,0.11181210498899925,0.15671641791044777,0.0,1.0,1.0,1.0,1.0,1.0,1.0,1.0,0.0,1.0,1.0
0.42105263157894735,0.5434173669467787,0.0,1.0,1.0,0.0,0.0,0.04930514283122508,0.048507462686567165,0.0,1.0,1.0,1.0,1.0,1.0,1.0,1.0,0.0,0.0,1.0
0.3157894736842105,0.5574229691876751,1.0,0.0,1.0,0.0,0.0,0.11822676230044638,0.12313432835820895,0.0,2.0,1.0,1.0,1.0,1.0,1.0,1.0,0.0,1.0,1.0
0.3157894736842105,0.5490196078431372,1.0,0.0,0.0,0.0,0.0,0.06605076905529873,0.06343283582089553,0.0,3.0,1.0,1.0,1.0,1.0,1.0,1.0,0.0,1.0,1.0
0.15789473684210525,0.4285714285714286,1.0,1.0,0.0,0.0,1.0,0.10369632709398692,0.10074626865671642,0.0,3.0,1.0,1.0,1.0,1.0,1.0,1.0,1.0,1.0,1.0
0.47368421052631576,0.4677871148459384,1.0,1.0,1.0,0.0,1.0,0.10790352489550102,0.15298507462686567,3.0,2.0,1.0,1.0,1.0,1.0,1.0,1.0,1.0,0.0,1.0
0.5263157894736843,0.8515406162464986,1.0,1.0,0.0,0.0,0.0,0.08306120227675745,0.07835820895522388,0.0,4.0,1.0,1.0,1.0,1.0,1.0,1.0,1.0,1.0,1.0
0.3157894736842105,0.6218487394957983,0.0,1.0,0.0,0.0,0.0,0.08850444561650257,0.08582089552238806,0.0,3.0,1.0,1.0,1.0,1.0,1.0,1.0,1.0,1.0,1.0
0.2631578947368421,0.3753501400560224,0.0,1.0,1.0,0.0,1.0,0.047251993429409674,0.055970149253731345,0.0,0.0,1.0,1.0,1.0,1.0,1.0,1.0,1.0,1.0,1.0
0.47368421052631576,0.44537815126050423,0.0,0.0,0.0,0.0,0.0,0.038074669970318005,0.05223880597014925,0.0,0.0,1.0,1.0,1.0,1.0,1.0,1.0,0.0,0.0,1.0
0.3157894736842105,0.5406162464985994,1.0,1.0,0.0,0.0,0.0,0.09795126088463843,0.10820895522388059,0.0,3.0,1.0,1.0,1.0,1.0,1.0,1.0,1.0,1.0,1.0
0.21052631578947367,0.41456582633053224,0.0,1.0,1.0,0.0,0.0,0.10305355365160297,0.13805970149253732,0.0,3.0,1.0,1.0,1.0,1.0,1.0,1.0,0.0,0.0,1.0
0.2631578947368421,0.4285714285714286,1.0,1.0,0.0,0.0,0.0,0.1371447900535717,0.19402985074626866,1.0,4.0,1.0,1.0,1.0,1.0,1.0,1.0,1.0,1.0,1.0
0.42105263157894735,0.5910364145658263,0.0,1.0,0.0,0.0,1.0,0.10383021524154501,0.12313432835820895,0.0,2.0,1.0,1.0,1.0,1.0,1.0,1.0,1.0,1.0,1.0
0.21052631578947367,0.4593837535014006,1.0,1.0,1.0,0.0,0.0,0.13231638161718914,0.17537313432835822,0.0,3.0,1.0,1.0,1.0,1.0,1.0,1.0,0.0,1.0,1.0
0.3684210526315789,0.5042016806722689,1.0,1.0,0.0,0.0,0.0,0.06013268707703234,0.05970149253731343,0.0,1.0,1.0,1.0,1.0,1.0,1.0,1.0,1.0,1.0,1.0
0.42105263157894735,0.7002801120448179,1.0,1.0,1.0,0.0,0.0,0.09541892995380948,0.11567164179104478,0.0,3.0,1.0,1.0,1.0,1.0,1.0,1.0,1.0,1.0,1.0
0.05263157894736842,0.06162464985994398,0.0,1.0,0.0,0.0,0.0,0.042263467752213374,0.03731343283582089,1.0,0.0,1.0,1.0,1.0,1.0,1.0,1.0,1.0,1.0,1.0
0.47368421052631576,0.5938375350140056,1.0,1.0,0.0,0.0,0.0,0.07667762545440317,0.12686567164179105,1.0,1.0,1.0,1.0,1.0,1.0,1.0,1.0,1.0,1.0,1.0
0.3684210526315789,0.6274509803921569,1.0,1.0,1.0,0.0,0.0,0.1121177393260685,0.10820895522388059,0.0,3.0,1.0,1.0,1.0,1.0,1.0,1.0,1.0,1.0,1.0
0.42105263157894735,0.6414565826330532,1.0,1.0,1.0,0.0,0.0,0.05360782097717299,0.03731343283582089,0.0,2.0,1.0,1.0,1.0,1.0,1.0,1.0,1.0,0.0,1.0
0.3684210526315789,0.49579831932773116,1.0,1.0,0.0,0.0,0.0,0.0971083073406917,0.11194029850746269,0.0,3.0,1.0,1.0,1.0,1.0,1.0,1.0,1.0,1.0,1.0
0.47368421052631576,0.5994397759103641,0.0,0.0,0.0,0.0,1.0,0.07876894549185137,0.10074626865671642,1.0,2.0,1.0,1.0,1.0,1.0,1.0,1.0,0.0,0.0,1.0
0.2631578947368421,0.41456582633053224,0.0,1.0,0.0,0.0,0.0,0.06500274613016,0.0708955223880597,0.0,2.0,1.0,1.0,1.0,1.0,1.0,1.0,0.0,0.0,1.0
0.15789473684210525,0.22408963585434172,1.0,1.0,1.0,0.0,0.0,0.13026475621288594,0.16044776119402984,1.0,1.0,1.0,1.0,1.0,1.0,1.0,1.0,1.0,1.0,1.0
0.3684210526315789,0.5182072829131652,1.0,1.0,0.0,0.0,0.0,0.13311315114558894,0.1455223880597015,2.0,4.0,1.0,1.0,1.0,1.0,1.0,1.0,1.0,1.0,1.0
0.3157894736842105,0.5266106442577031,1.0,1.0,0.0,0.0,0.0,0.13303645096569988,0.12686567164179105,0.0,3.0,1.0,1.0,1.0,1.0,1.0,1.0,1.0,1.0,1.0
0.6842105263157894,0.7507002801120448,1.0,1.0,1.0,0.0,0.0,0.09938473411882705,0.14925373134328357,1.0,2.0,1.0,1.0,1.0,1.0,1.0,1.0,1.0,0.0,1.0
0.631578947368421,0.7619047619047619,1.0,0.0,1.0,0.0,0.0,0.09669523258984723,0.13059701492537312,2.0,3.0,1.0,1.0,1.0,1.0,1.0,1.0,1.0,1.0,1.0
0.10526315789473684,0.380952380952381,0.0,1.0,0.0,0.0,0.0,0.23121202926398277,0.2126865671641791,0.0,1.0,1.0,1.0,1.0,1.0,1.0,1.0,1.0,0.0,1.0
0.42105263157894735,0.5378151260504201,0.0,1.0,1.0,0.0,0.0,0.06855430347830149,0.05970149253731343,1.0,0.0,1.0,1.0,1.0,1.0,1.0,1.0,1.0,0.0,1.0
0.6842105263157894,0.5910364145658263,1.0,1.0,0.0,0.0,1.0,0.10245500310760096,0.10074626865671642,6.0,2.0,1.0,1.0,1.0,1.0,1.0,1.0,1.0,0.0,1.0
0.3157894736842105,0.36414565826330536,0.0,1.0,0.0,0.0,0.0,0.03158094598894083,0.029850746268656716,0.0,0.0,1.0,1.0,1.0,1.0,1.0,1.0,0.0,0.0,1.0
0.3157894736842105,0.47058823529411764,1.0,1.0,0.0,0.0,1.0,0.03638647698398213,0.041044776119402986,0.0,0.0,1.0,1.0,1.0,1.0,1.0,1.0,1.0,0.0,1.0
0.47368421052631576,0.7591036414565826,1.0,1.0,0.0,0.0,0.0,0.09785065286861265,0.08208955223880597,0.0,4.0,1.0,1.0,1.0,1.0,1.0,1.0,1.0,1.0,1.0
0.3684210526315789,0.5714285714285714,1.0,1.0,1.0,0.0,0.0,0.12130057015248982,0.16417910447761194,0.0,3.0,1.0,1.0,1.0,1.0,1.0,1.0,1.0,1.0,1.0
0.2631578947368421,0.48739495798319327,1.0,1.0,1.0,0.0,1.0,0.1324629946046026,0.11567164179104478,0.0,3.0,1.0,1.0,1.0,1.0,1.0,1.0,1.0,1.0,1.0
0.2631578947368421,0.42577030812324934,0.0,1.0,0.0,0.0,1.0,0.14973572786998793,0.1791044776119403,0.0,2.0,1.0,1.0,1.0,1.0,1.0,1.0,1.0,0.0,1.0
0.5789473684210527,0.7507002801120448,0.0,1.0,0.0,0.0,0.0,0.07717182682427982,0.07462686567164178,0.0,1.0,1.0,1.0,1.0,1.0,1.0,1.0,0.0,0.0,1.0
0.3157894736842105,0.5350140056022409,1.0,1.0,0.0,0.0,0.0,0.11436504509785855,0.11567164179104478,0.0,2.0,1.0,1.0,1.0,1.0,1.0,1.0,1.0,1.0,1.0
0.47368421052631576,0.7086834733893557,1.0,1.0,0.0,0.0,0.0,0.05086386834690361,0.05970149253731343,0.0,3.0,1.0,1.0,1.0,1.0,1.0,1.0,1.0,0.0,1.0
0.21052631578947367,0.4593837535014006,0.0,1.0,1.0,0.0,1.0,0.07104286534285895,0.08955223880597014,0.0,3.0,1.0,1.0,1.0,1.0,1.0,1.0,1.0,1.0,1.0
0.3157894736842105,0.7338935574229691,1.0,1.0,0.0,0.0,0.0,0.10564314288422663,0.1044776119402985,0.0,5.0,1.0,1.0,1.0,1.0,1.0,1.0,1.0,1.0,1.0
0.3684210526315789,0.46218487394957986,1.0,1.0,0.0,0.0,0.0,0.07767169938921857,0.07462686567164178,0.0,1.0,1.0,1.0,1.0,1.0,1.0,1.0,0.0,1.0,0.0
0.47368421052631576,0.4649859943977591,1.0,1.0,0.0,0.0,1.0,0.03979055548984615,0.05970149253731343,0.0,0.0,1.0,1.0,1.0,1.0,1.0,1.0,1.0,1.0,1.0
0.47368421052631576,0.7254901960784313,1.0,1.0,0.0,0.0,0.0,0.08360906102051917,0.1044776119402985,0.0,2.0,1.0,1.0,1.0,1.0,1.0,1.0,0.0,1.0,1.0
0.2631578947368421,0.39495798319327735,1.0,1.0,0.0,0.0,0.0,0.1039448392491171,0.10820895522388059,0.0,1.0,1.0,1.0,1.0,1.0,1.0,1.0,1.0,1.0,1.0
0.2631578947368421,0.3977591036414566,1.0,1.0,0.0,0.0,0.0,0.1666000429491631,0.22388059701492538,0.0,1.0,1.0,1.0,1.0,1.0,1.0,1.0,1.0,1.0,1.0
0.21052631578947367,0.43137254901960786,0.0,1.0,0.0,0.0,0.0,0.11180584521377382,0.13805970149253732,0.0,2.0,1.0,1.0,1.0,1.0,1.0,1.0,1.0,0.0,1.0
0.21052631578947367,0.45098039215686275,1.0,1.0,0.0,0.0,0.0,0.20342737762370397,0.17537313432835822,0.0,2.0,1.0,1.0,1.0,1.0,1.0,1.0,1.0,0.0,0.0
0.3157894736842105,0.39215686274509803,0.0,1.0,0.0,0.0,0.0,0.04176020999346183,0.05970149253731343,0.0,0.0,1.0,1.0,1.0,1.0,1.0,1.0,1.0,1.0,1.0
0.42105263157894735,0.5406162464985994,1.0,1.0,0.0,0.0,0.0,0.10677045397489694,0.12686567164179105,1.0,2.0,1.0,1.0,1.0,1.0,1.0,1.0,0.0,0.0,1.0
0.10526315789473684,0.13725490196078433,1.0,0.0,0.0,0.0,0.0,0.06523133461946083,0.06716417910447761,0.0,0.0,1.0,1.0,1.0,1.0,1.0,1.0,1.0,1.0,1.0
0.3684210526315789,0.48179271708683474,1.0,1.0,0.0,0.0,0.0,0.05412364694443181,0.06716417910447761,0.0,1.0,1.0,1.0,1.0,1.0,1.0,1.0,1.0,1.0,1.0
0.2631578947368421,0.5070028011204482,1.0,1.0,0.0,0.0,0.0,0.238949571908293,0.2537313432835821,0.0,2.0,1.0,1.0,1.0,1.0,1.0,1.0,1.0,1.0,1.0
0.2631578947368421,0.4341736694677871,1.0,1.0,1.0,0.0,0.0,0.10440207681938958,0.11940298507462686,0.0,3.0,1.0,1.0,1.0,1.0,1.0,1.0,0.0,1.0,1.0
0.3157894736842105,0.453781512605042,1.0,1.0,0.0,0.0,0.0,0.06951416911005455,0.07835820895522388,0.0,1.0,1.0,1.0,1.0,1.0,1.0,1.0,1.0,1.0,1.0
0.42105263157894735,0.5238095238095237,1.0,1.0,1.0,0.0,0.0,0.0754747416246724,0.1044776119402985,0.0,1.0,1.0,1.0,1.0,1.0,1.0,1.0,1.0,0.0,1.0
0.3684210526315789,0.4593837535014006,1.0,1.0,0.0,0.0,0.0,0.15654250961623148,0.20522388059701493,2.0,2.0,1.0,1.0,1.0,1.0,1.0,1.0,1.0,0.0,1.0
0.21052631578947367,0.40896358543417366,1.0,1.0,0.0,0.0,0.0,0.07279138531166085,0.0708955223880597,0.0,3.0,1.0,1.0,1.0,1.0,1.0,1.0,1.0,1.0,1.0
0.3157894736842105,0.4761904761904762,1.0,1.0,0.0,0.0,1.0,0.07552600397485806,0.08582089552238806,0.0,3.0,1.0,1.0,1.0,1.0,1.0,1.0,1.0,1.0,1.0
0.2631578947368421,0.43977591036414565,1.0,1.0,0.0,0.0,0.0,0.11068582645823774,0.09701492537313433,0.0,2.0,1.0,1.0,1.0,1.0,1.0,1.0,1.0,1.0,1.0
0.3157894736842105,0.44537815126050423,1.0,1.0,0.0,0.0,0.0,0.06464503532029614,0.08955223880597014,1.0,0.0,1.0,1.0,1.0,1.0,1.0,1.0,1.0,1.0,1.0
0.42105263157894735,0.4593837535014006,1.0,1.0,1.0,0.0,0.0,0.09985474088320336,0.1044776119402985,2.0,2.0,1.0,1.0,1.0,1.0,1.0,1.0,0.0,1.0,1.0
0.3157894736842105,0.48739495798319327,1.0,1.0,1.0,0.0,1.0,0.04958220871718989,0.05223880597014925,0.0,1.0,1.0,1.0,1.0,1.0,1.0,1.0,1.0,1.0,1.0
0.3157894736842105,0.5182072829131652,1.0,1.0,0.0,0.0,0.0,0.0940942241152534,0.11194029850746269,0.0,2.0,1.0,1.0,1.0,1.0,1.0,1.0,1.0,0.0,0.0
0.5789473684210527,0.7563025210084033,1.0,1.0,1.0,0.0,0.0,0.11157875659776545,0.15298507462686567,0.0,3.0,1.0,1.0,1.0,1.0,1.0,1.0,1.0,1.0,1.0
0.42105263157894735,0.5574229691876751,1.0,1.0,0.0,0.0,0.0,0.03944590323539915,0.041044776119402986,0.0,0.0,1.0,1.0,1.0,1.0,1.0,1.0,1.0,0.0,1.0
0.631578947368421,0.7338935574229691,1.0,1.0,1.0,0.0,1.0,0.07439120525631085,0.08955223880597014,0.0,3.0,1.0,1.0,1.0,1.0,1.0,1.0,1.0,1.0,1.0
0.15789473684210525,0.2717086834733894,0.0,1.0,0.0,0.0,0.0,0.06745625471119755,0.06343283582089553,0.0,1.0,1.0,1.0,1.0,1.0,1.0,1.0,1.0,1.0,1.0
0.42105263157894735,0.6358543417366946,0.0,1.0,0.0,0.0,0.0,0.05052448297580558,0.05970149253731343,0.0,2.0,1.0,1.0,1.0,1.0,1.0,1.0,1.0,1.0,1.0
0.0,0.025210084033613446,0.0,1.0,0.0,0.0,0.0,0.0,0.0,0.0,0.0,1.0,1.0,1.0,1.0,1.0,1.0,1.0,1.0,1.0
0.15789473684210525,0.2661064425770308,1.0,1.0,0.0,0.0,0.0,0.12019109040753705,0.13432835820895522,0.0,1.0,1.0,1.0,1.0,1.0,1.0,1.0,1.0,1.0,1.0
0.2631578947368421,0.5350140056022409,1.0,1.0,0.0,0.0,0.0,0.10018215061953188,0.08955223880597014,0.0,3.0,1.0,1.0,1.0,1.0,1.0,1.0,1.0,1.0,1.0
0.2631578947368421,0.42296918767507,1.0,1.0,0.0,0.0,1.0,0.10425940548664031,0.09701492537313433,1.0,2.0,1.0,1.0,1.0,1.0,1.0,1.0,0.0,1.0,1.0
0.5789473684210527,0.6722689075630252,0.0,1.0,0.0,0.0,0.0,0.051236889753452024,0.06343283582089553,0.0,0.0,1.0,1.0,1.0,1.0,1.0,1.0,1.0,1.0,1.0
0.21052631578947367,0.48179271708683474,1.0,1.0,0.0,0.0,0.0,0.1945221729399386,0.23134328358208955,0.0,2.0,1.0,1.0,1.0,1.0,1.0,1.0,1.0,1.0,1.0
0.3157894736842105,0.5826330532212884,1.0,1.0,0.0,0.0,1.0,0.075158290304097,0.10074626865671642,0.0,3.0,1.0,1.0,1.0,1.0,1.0,1.0,1.0,1.0,1.0
0.2631578947368421,0.5322128851540616,1.0,1.0,1.0,0.0,0.0,0.1890972064191453,0.22014925373134328,0.0,3.0,1.0,1.0,1.0,1.0,1.0,1.0,1.0,1.0,1.0
0.42105263157894735,0.5182072829131652,1.0,1.0,0.0,0.0,0.0,0.0915407396620643,0.07835820895522388,1.0,2.0,1.0,1.0,1.0,1.0,1.0,1.0,1.0,1.0,1.0
0.3684210526315789,0.6078431372549019,0.0,1.0,1.0,0.0,1.0,0.16918259350564882,0.19029850746268656,0.0,2.0,1.0,1.0,1.0,1.0,1.0,1.0,0.0,0.0,1.0
0.47368421052631576,0.7619047619047619,1.0,1.0,0.0,0.0,0.0,0.06179144463508869,0.07835820895522388,0.0,3.0,1.0,1.0,1.0,1.0,1.0,1.0,1.0,1.0,1.0
0.3157894736842105,0.3669467787114846,1.0,1.0,0.0,0.0,0.0,0.08870192696046955,0.10074626865671642,0.0,1.0,1.0,1.0,1.0,1.0,1.0,1.0,1.0,1.0,1.0
0.5263157894736843,0.6918767507002801,1.0,1.0,0.0,0.0,0.0,0.14067036443231276,0.24253731343283583,0.0,1.0,1.0,1.0,1.0,1.0,1.0,1.0,0.0,1.0,1.0
0.47368421052631576,0.5322128851540616,0.0,1.0,0.0,0.0,1.0,0.04193251692209613,0.06343283582089553,0.0,0.0,1.0,1.0,1.0,1.0,1.0,1.0,0.0,0.0,1.0
0.42105263157894735,0.453781512605042,0.0,1.0,0.0,0.0,1.0,0.08075926128424996,0.1044776119402985,1.0,1.0,1.0,1.0,1.0,1.0,1.0,1.0,1.0,0.0,1.0
0.2631578947368421,0.5518207282913165,1.0,0.0,0.0,0.0,0.0,0.12795124777926245,0.12313432835820895,0.0,3.0,1.0,1.0,1.0,1.0,1.0,1.0,0.0,1.0,1.0
0.3157894736842105,0.42016806722689076,0.0,1.0,0.0,0.0,1.0,0.11328900596228711,0.14925373134328357,0.0,1.0,1.0,1.0,1.0,1.0,1.0,1.0,1.0,1.0,1.0
0.47368421052631576,0.7619047619047619,0.0,1.0,1.0,0.0,1.0,0.09712876840126243,0.10074626865671642,0.0,5.0,1.0,1.0,1.0,1.0,1.0,1.0,1.0,1.0,1.0
0.2631578947368421,0.48179271708683474,0.0,1.0,0.0,0.0,0.0,0.10209541349060244,0.13059701492537312,0.0,1.0,1.0,1.0,1.0,1.0,1.0,1.0,1.0,1.0,1.0
0.15789473684210525,0.1764705882352941,1.0,1.0,0.0,0.0,1.0,0.03536015405098889,0.041044776119402986,0.0,0.0,1.0,1.0,1.0,1.0,1.0,1.0,1.0,1.0,1.0
0.21052631578947367,0.24649859943977592,1.0,1.0,0.0,0.0,0.0,0.07357243111929215,0.05223880597014925,0.0,1.0,1.0,1.0,1.0,1.0,1.0,1.0,1.0,1.0,1.0
0.42105263157894735,0.49019607843137253,1.0,1.0,1.0,0.0,0.0,0.04951935879792805,0.055970149253731345,0.0,0.0,1.0,1.0,1.0,1.0,1.0,1.0,0.0,1.0,1.0
0.3684210526315789,0.45658263305322133,1.0,1.0,0.0,0.0,1.0,0.09068813526435325,0.1455223880597015,1.0,1.0,1.0,1.0,1.0,1.0,1.0,1.0,1.0,1.0,1.0
0.05263157894736842,0.11204481792717087,0.0,1.0,0.0,0.0,0.0,0.01690538710088535,0.014925373134328358,0.0,0.0,1.0,1.0,1.0,1.0,1.0,1.0,1.0,1.0,1.0
0.15789473684210525,0.24929971988795518,1.0,1.0,0.0,0.0,0.0,0.06065948775971738,0.048507462686567165,0.0,1.0,1.0,1.0,1.0,1.0,1.0,1.0,1.0,1.0,1.0
0.3684210526315789,0.41456582633053224,0.0,1.0,0.0,0.0,0.0,0.06289132046100117,0.07462686567164178,0.0,1.0,1.0,1.0,1.0,1.0,1.0,1.0,0.0,0.0,1.0
0.3684210526315789,0.6694677871148459,1.0,1.0,0.0,0.0,0.0,0.19619537513364907,0.23134328358208955,0.0,2.0,1.0,1.0,1.0,1.0,1.0,1.0,1.0,1.0,1.0
0.10526315789473684,0.18487394957983194,1.0,1.0,0.0,0.0,0.0,0.041600841551554045,0.026119402985074626,0.0,0.0,1.0,1.0,1.0,1.0,1.0,1.0,1.0,1.0,1.0
0.3684210526315789,0.649859943977591,1.0,1.0,0.0,0.0,1.0,0.08781754693718662,0.13805970149253732,0.0,4.0,1.0,1.0,1.0,1.0,1.0,1.0,1.0,1.0,1.0
0.2631578947368421,0.5210084033613445,1.0,1.0,1.0,0.0,1.0,0.15634944515856067,0.15671641791044777,0.0,3.0,1.0,1.0,1.0,1.0,1.0,1.0,1.0,1.0,1.0
0.3157894736842105,0.7983193277310924,1.0,1.0,0.0,0.0,1.0,0.10959934984043834,0.1044776119402985,0.0,5.0,1.0,1.0,1.0,1.0,1.0,1.0,1.0,1.0,1.0
0.21052631578947367,0.40896358543417366,1.0,1.0,0.0,0.0,1.0,0.06062414183785071,0.048507462686567165,0.0,3.0,1.0,1.0,1.0,1.0,1.0,1.0,1.0,1.0,1.0
0.21052631578947367,0.39495798319327735,1.0,1.0,1.0,0.0,0.0,0.12544207325883444,0.11567164179104478,0.0,1.0,1.0,1.0,1.0,1.0,1.0,1.0,0.0,1.0,1.0
0.3157894736842105,0.47058823529411764,1.0,1.0,1.0,0.0,0.0,0.09989691680761048,0.1044776119402985,0.0,2.0,1.0,1.0,1.0,1.0,1.0,1.0,0.0,1.0,1.0
0.21052631578947367,0.3781512605042017,1.0,1.0,0.0,0.0,1.0,0.06783253658677059,0.07835820895522388,0.0,2.0,1.0,1.0,1.0,1.0,1.0,1.0,1.0,1.0,0.0
0.3157894736842105,0.484593837535014,1.0,1.0,0.0,0.0,0.0,0.12557126422699436,0.16791044776119401,0.0,2.0,1.0,1.0,1.0,1.0,1.0,1.0,1.0,0.0,1.0
0.21052631578947367,0.42016806722689076,1.0,1.0,0.0,0.0,0.0,0.1422465521641185,0.11194029850746269,0.0,2.0,1.0,1.0,1.0,1.0,1.0,1.0,0.0,1.0,1.0
0.42105263157894735,0.453781512605042,1.0,1.0,0.0,0.0,0.0,0.13464172288020537,0.1455223880597015,3.0,2.0,1.0,1.0,1.0,1.0,1.0,1.0,1.0,0.0,1.0
0.42105263157894735,0.5378151260504201,1.0,1.0,0.0,0.0,0.0,0.08075926128424997,0.13805970149253732,1.0,1.0,1.0,1.0,1.0,1.0,1.0,1.0,0.0,0.0,1.0
0.2631578947368421,0.6078431372549019,1.0,1.0,1.0,0.0,0.0,0.1271108875096745,0.1044776119402985,0.0,5.0,1.0,1.0,1.0,1.0,1.0,1.0,1.0,1.0,1.0
0.21052631578947367,0.39215686274509803,1.0,1.0,0.0,0.0,0.0,0.02798339489240609,0.026119402985074626,0.0,1.0,1.0,1.0,1.0,1.0,1.0,1.0,0.0,1.0,1.0
0.42105263157894735,0.6694677871148459,1.0,1.0,0.0,0.0,0.0,0.08494332686917955,0.10820895522388059,0.0,3.0,1.0,1.0,1.0,1.0,1.0,1.0,1.0,1.0,1.0
0.15789473684210525,0.1400560224089636,1.0,1.0,0.0,0.0,0.0,0.08895430922411651,0.08208955223880597,1.0,0.0,1.0,1.0,1.0,1.0,1.0,1.0,1.0,0.0,1.0
0.2631578947368421,0.4929971988795518,1.0,1.0,0.0,0.0,1.0,0.04847521286902751,0.04477611940298507,0.0,3.0,1.0,1.0,1.0,1.0,1.0,1.0,0.0,1.0,1.0
0.3684210526315789,0.47338935574229696,0.0,1.0,1.0,0.0,1.0,0.050185087387427704,0.07835820895522388,0.0,0.0,1.0,1.0,1.0,1.0,1.0,1.0,1.0,1.0,1.0
0.42105263157894735,0.5126050420168067,1.0,1.0,0.0,0.0,0.0,0.05987278559417327,0.06343283582089553,0.0,0.0,1.0,1.0,1.0,1.0,1.0,1.0,1.0,1.0,1.0
0.21052631578947367,0.48179271708683474,1.0,1.0,0.0,0.0,0.0,0.15162162633409523,0.11194029850746269,0.0,3.0,1.0,1.0,1.0,1.0,1.0,1.0,1.0,1.0,1.0
0.3157894736842105,0.5434173669467787,1.0,1.0,0.0,0.0,0.0,0.15304668661659646,0.11194029850746269,0.0,4.0,1.0,1.0,1.0,1.0,1.0,1.0,1.0,1.0,1.0
0.3684210526315789,0.4593837535014006,1.0,1.0,0.0,0.0,0.0,0.10756446939385009,0.13805970149253732,0.0,3.0,1.0,1.0,1.0,1.0,1.0,1.0,1.0,0.0,1.0
0.3157894736842105,0.5574229691876751,1.0,1.0,0.0,0.0,0.0,0.15437474771317206,0.11194029850746269,1.0,3.0,1.0,1.0,1.0,1.0,1.0,1.0,1.0,1.0,1.0
0.3684210526315789,0.46218487394957986,1.0,1.0,0.0,0.0,0.0,0.08156274428963471,0.06716417910447761,1.0,3.0,1.0,1.0,1.0,1.0,1.0,1.0,0.0,0.0,1.0
0.15789473684210525,0.2661064425770308,1.0,1.0,0.0,0.0,0.0,0.08565523569351774,0.1044776119402985,0.0,1.0,1.0,1.0,1.0,1.0,1.0,1.0,1.0,1.0,0.0
0.42105263157894735,0.5546218487394957,1.0,1.0,0.0,0.0,0.0,0.05844135663725147,0.08955223880597014,0.0,1.0,1.0,1.0,1.0,1.0,1.0,1.0,0.0,0.0,1.0
0.3684210526315789,0.47338935574229696,1.0,1.0,0.0,0.0,0.0,0.0742623368952314,0.07835820895522388,0.0,2.0,1.0,1.0,1.0,1.0,1.0,1.0,1.0,1.0,1.0
0.3684210526315789,0.619047619047619,1.0,1.0,1.0,1.0,1.0,0.1403272832099507,0.11940298507462686,0.0,4.0,1.0,1.0,1.0,1.0,1.0,1.0,1.0,1.0,1.0
